39.98,39.97,39.97,39.98,39.97,39.98,0.00,75.14,75.17,71.78,100094.00,H,-0.04,0.00,-0.29,0.00,-0.33,61071.00,5147.00,6840.39
39.98,39.99,39.99,39.99,39.99,39.98,0.00,75.11,75.21,71.77,100095.00,H,0.23,0.02,2.05,-0.01,2.30,61086.00,5149.00,6840.95
39.98,39.98,39.96,39.99,39.99,39.98,0.00,75.08,75.16,71.75,100092.00,H,0.08,0.05,-1.17,-0.00,-1.04,61085.00,5145.00,6840.11
39.98,39.99,39.98,39.98,39.98,40.00,0.00,75.09,75.18,71.73,100096.00,H,0.23,0.08,1.17,-0.01,1.49,61094.00,5148.00,6839.00
39.98,39.97,39.98,39.95,39.98,39.96,0.00,75.10,75.18,71.72,100097.00,H,-0.20,0.09,-3.22,0.01,-3.33,61075.00,5144.00,6839.00
39.98,39.96,39.96,39.98,39.98,39.94,0.00,75.10,75.19,71.71,100094.00,H,-0.23,0.04,-0.29,0.01,-0.48,61090.00,5145.00,6841.78
39.98,39.97,39.96,39.98,39.98,39.96,0.00,75.11,75.17,71.70,100095.00,H,-0.16,0.00,0.59,0.01,0.43,61087.00,5148.00,6840.39
39.98,39.96,39.95,39.98,39.96,39.95,0.00,75.08,75.19,71.69,100092.00,H,-0.31,0.00,-1.17,0.02,-1.48,61090.00,5146.00,6840.67
39.98,39.95,39.94,39.95,39.96,39.96,0.00,75.08,75.18,71.67,100095.00,H,-0.47,0.00,-1.17,0.02,-1.64,61127.00,5148.00,6841.51
39.98,39.96,39.95,39.95,39.98,39.96,0.00,75.10,75.17,71.67,100094.00,H,-0.31,0.00,1.17,0.02,0.86,61088.00,5145.00,6840.67
39.98,39.96,39.96,39.96,39.97,39.95,0.00,75.10,75.17,71.66,100094.00,H,-0.31,0.00,0.00,0.02,-0.31,61116.00,5145.00,6840.95
39.98,39.96,39.96,39.98,39.96,39.96,0.00,75.09,75.20,71.65,100100.00,H,-0.23,0.00,0.59,0.01,0.35,61103.00,5145.00,6839.28
39.98,39.97,39.96,39.98,39.98,39.97,0.00,75.11,75.19,71.65,100099.00,H,-0.12,0.00,0.88,0.01,0.76,61091.00,5149.00,6838.44
39.98,39.97,39.97,39.96,39.98,39.96,0.00,75.12,75.19,71.64,100099.00,H,-0.20,0.00,-0.59,0.01,-0.78,61072.00,5147.00,6840.67
39.98,39.97,39.98,39.95,39.98,39.98,0.00,75.11,75.20,71.63,100097.00,H,-0.08,0.00,0.88,0.00,0.80,61108.00,5149.00,6840.11
39.98,39.98,39.97,39.98,39.98,39.98,0.00,75.12,75.20,71.64,100094.00,H,0.00,0.00,0.59,0.00,0.59,61076.00,5145.00,6839.56
39.98,39.97,39.97,39.98,39.98,39.95,0.00,75.10,75.18,71.63,100096.00,H,-0.12,0.00,-0.88,0.01,-1.00,61092.00,5147.00,6840.67
39.98,39.98,39.97,39.98,39.98,39.99,0.00,75.08,75.20,71.62,100098.00,H,0.12,0.00,1.76,-0.01,1.87,61086.00,5147.00,6840.11
39.98,39.97,39.96,39.96,39.98,39.97,0.00,75.11,75.20,71.62,100094.00,H,-0.20,0.00,-2.34,0.01,-2.54,61102.00,5144.00,6838.44
39.98,39.97,39.97,39.95,39.98,39.97,0.00,75.10,75.19,71.62,100098.00,H,-0.20,0.00,0.00,0.01,-0.20,61086.00,5146.00,6838.44
39.84,39.96,39.95,39.95,39.98,39.95,0.00,75.10,75.16,71.61,100096.00,D,2.49,0.23,20.12,-0.12,22.84,61133.00,5144.00,6840.67
39.70,39.96,39.98,39.95,39.97,39.94,0.00,75.12,75.19,71.61,100097.00,D,5.25,1.00,20.71,-0.26,26.96,61164.00,5143.00,6839.83
39.56,39.89,39.91,39.88,39.91,39.85,0.00,75.11,75.15,71.62,100100.00,D,6.64,2.19,10.45,-0.33,19.29,61124.00,5144.00,6838.44
39.42,39.76,39.80,39.75,39.79,39.71,0.00,75.08,75.16,71.68,100099.00,D,6.94,3.55,2.25,-0.35,12.74,61056.00,5145.00,6839.83
39.28,39.59,39.48,39.62,39.69,39.57,0.00,75.08,75.18,71.80,100097.00,D,6.27,4.87,-5.07,-0.31,6.06,61028.00,5147.00,6836.77
39.14,39.38,39.35,39.39,39.47,39.31,0.00,75.16,75.23,71.93,100099.00,D,4.89,5.99,-10.35,-0.24,0.52,61252.00,5149.00,6823.72
39.00,39.30,39.28,39.31,39.38,39.23,0.00,75.16,75.33,72.06,100097.00,D,6.08,7.08,8.99,-0.30,22.16,61407.00,5144.00,6821.23
38.86,39.25,39.23,39.27,39.32,39.18,0.00,75.27,75.40,72.21,100097.00,D,7.87,8.48,13.38,-0.39,29.73,61470.00,5148.00,6806.30
38.72,39.13,39.11,39.13,39.20,39.08,0.00,75.35,75.52,72.32,100094.00,D,8.25,10.09,2.84,-0.41,21.17,61505.00,5149.00,6809.61
38.58,39.02,38.99,39.04,39.09,38.95,0.00,75.45,75.65,72.47,100096.00,D,8.82,11.80,4.30,-0.44,24.92,61412.00,5146.00,6802.72
38.44,38.90,38.86,38.91,38.99,38.85,0.00,75.53,75.81,72.65,100094.00,D,9.32,13.61,3.71,-0.47,26.64,61252.00,5144.00,6804.93
38.30,38.68,38.72,38.67,38.77,38.55,0.00,75.69,75.94,72.85,100097.00,D,7.58,15.30,-12.98,-0.38,9.90,61270.00,5144.00,6803.82
38.16,38.52,38.46,38.52,38.66,38.42,0.00,75.81,76.12,73.08,100095.00,D,7.18,16.78,-3.02,-0.36,20.93,61206.00,5142.00,6803.00
38.02,38.42,38.38,38.45,38.52,38.35,0.00,75.98,76.31,73.33,100097.00,D,8.15,18.31,7.23,-0.41,33.68,61139.00,5143.00,6802.72
37.88,38.32,38.29,38.38,38.35,38.27,0.00,76.16,76.52,73.54,100094.00,D,8.87,20.01,5.47,-0.44,34.36,60947.00,5142.00,6789.52
37.74,38.17,38.17,38.16,38.26,38.08,0.00,76.34,76.79,73.76,100092.00,D,8.59,21.76,-2.14,-0.43,28.20,60750.00,5141.00,6768.73
37.60,38.05,38.06,38.03,38.17,37.92,0.00,76.59,77.00,74.03,100093.00,D,9.01,23.52,3.13,-0.45,35.65,60691.00,5140.00,6766.01
37.46,37.82,37.75,37.89,37.89,37.77,0.00,76.77,77.24,74.32,100092.00,D,7.35,25.15,-12.40,-0.37,20.11,60478.00,5137.00,6756.48
37.32,37.62,37.62,37.63,37.76,37.48,0.00,77.02,77.52,74.62,100094.00,D,6.13,26.50,-9.18,-0.31,23.46,60181.00,5136.00,6730.77
37.18,37.51,37.50,37.51,37.63,37.41,0.00,77.28,77.79,74.94,100096.00,D,6.66,27.78,4.01,-0.33,38.45,59954.00,5133.00,6730.50
37.04,37.38,37.39,37.41,37.41,37.29,0.00,77.54,78.11,75.23,100089.00,D,6.77,29.12,0.79,-0.34,36.68,59884.00,5133.00,6727.27
36.90,37.21,37.20,37.19,37.31,37.12,0.00,77.86,78.40,75.52,100091.00,D,6.17,30.42,-4.49,-0.31,32.10,59845.00,5130.00,6711.41
36.76,37.07,37.05,37.08,37.20,36.96,0.00,78.12,78.71,75.85,100094.00,D,6.27,31.66,0.79,-0.31,38.72,59638.00,5125.00,6685.77
36.62,36.92,36.93,36.95,36.95,36.83,0.00,78.41,79.00,76.18,100094.00,D,5.99,32.89,-2.14,-0.30,36.73,59422.00,5124.00,6674.08
36.48,36.76,36.79,36.71,36.83,36.70,0.00,78.70,79.37,76.51,100095.00,D,5.62,34.05,-2.73,-0.28,36.94,59273.00,5118.00,6657.95
36.34,36.60,36.65,36.58,36.73,36.45,0.00,78.98,79.68,76.86,100098.00,D,5.26,35.14,-2.73,-0.26,37.67,59186.00,5110.00,6641.63
36.20,36.42,36.40,36.47,36.48,36.34,0.00,79.32,80.03,77.22,100098.00,D,4.51,36.12,-5.66,-0.23,34.96,59281.00,5105.00,6619.39
36.06,36.27,36.30,36.21,36.34,36.21,0.00,79.64,80.37,77.57,100096.00,D,4.18,36.98,-2.44,-0.21,38.73,59329.00,5103.00,6590.82
35.92,36.13,36.18,36.09,36.24,35.99,0.00,79.94,80.73,77.91,100096.00,D,4.21,37.82,0.20,-0.21,42.23,59238.00,5095.00,6587.46
35.78,35.98,36.05,35.98,35.99,35.91,0.00,80.30,81.09,78.27,100097.00,D,4.08,38.65,-0.97,-0.20,41.76,59045.00,5091.00,6569.43
35.64,35.79,35.80,35.74,35.88,35.76,0.00,80.64,81.46,78.62,100097.00,D,3.17,39.38,-6.83,-0.16,35.71,58883.00,5080.00,6552.52
35.50,35.65,35.67,35.64,35.77,35.52,0.00,80.97,81.82,78.98,100098.00,D,3.04,40.00,-0.97,-0.15,42.06,58645.00,5069.00,6518.96
35.36,35.53,35.59,35.55,35.57,35.40,0.00,81.30,82.20,79.32,100096.00,D,3.42,40.64,2.84,-0.17,46.89,58323.00,5057.00,6518.45
35.22,35.41,35.48,35.34,35.47,35.34,0.00,81.65,82.51,79.66,100096.00,D,3.83,41.37,3.13,-0.19,48.33,58047.00,5052.00,6490.75
35.08,35.29,35.34,35.23,35.36,35.23,0.00,81.99,82.90,80.01,100094.00,D,4.29,42.18,3.42,-0.21,49.89,57736.00,5043.00,6468.26
34.94,35.07,35.09,35.09,35.13,34.98,0.00,82.30,83.24,80.35,100094.00,D,2.64,42.87,-12.40,-0.13,33.11,57445.00,5024.00,6452.85
34.80,34.94,34.92,34.97,34.98,34.88,0.00,82.65,83.62,80.71,100095.00,D,2.82,43.42,1.37,-0.14,47.61,57012.00,5011.00,6435.30
34.66,34.81,34.80,34.77,34.87,34.78,0.00,82.97,83.96,81.05,100095.00,D,3.00,44.00,1.37,-0.15,48.37,56949.00,4995.00,6420.79
34.52,34.67,34.73,34.68,34.67,34.59,0.00,83.28,84.31,81.37,100092.00,D,3.03,44.60,0.20,-0.15,47.83,56739.00,4982.00,6401.95
34.38,34.53,34.53,34.57,34.55,34.47,0.00,83.58,84.64,81.71,100094.00,D,3.09,45.21,0.49,-0.15,48.80,56280.00,4967.00,6386.13
34.24,34.38,34.41,34.34,34.45,34.33,0.00,83.89,84.96,82.03,100097.00,D,2.92,45.81,-1.27,-0.15,47.47,55860.00,4949.00,6387.59
34.10,34.24,34.30,34.26,34.27,34.13,0.00,84.19,85.29,82.34,100097.00,D,2.83,46.39,-0.68,-0.14,48.54,55409.00,4927.00,6385.16
33.96,34.15,34.20,34.16,34.19,34.05,0.00,84.49,85.58,82.64,100094.00,D,3.80,47.05,7.23,-0.19,58.08,55025.00,4904.00,6357.86
33.82,34.01,34.08,33.96,34.09,33.92,0.00,84.80,85.90,82.93,100095.00,D,3.94,47.83,1.08,-0.20,52.85,54650.00,4884.00,6353.29
33.68,33.84,33.83,33.88,33.88,33.79,0.00,85.04,86.20,83.23,100093.00,D,3.34,48.56,-4.49,-0.17,47.41,53952.00,4858.00,6352.57
33.54,33.71,33.71,33.74,33.80,33.59,0.00,85.33,86.50,83.51,100097.00,D,3.49,49.24,1.08,-0.17,53.80,53363.00,4824.00,6332.22
33.40,33.59,33.59,33.55,33.70,33.52,0.00,85.58,86.78,83.78,100096.00,D,3.87,49.97,2.84,-0.19,56.68,53089.00,4804.00,6323.87
33.26,33.46,33.48,33.44,33.52,33.38,0.00,85.86,87.05,84.04,100093.00,D,4.01,50.76,1.08,-0.20,55.85,52753.00,4778.00,6307.49
33.12,33.31,33.30,33.36,33.41,33.16,0.00,86.08,87.28,84.31,100092.00,D,3.84,51.55,-1.27,-0.19,54.12,52504.00,4744.00,6291.43
32.98,33.16,33.20,33.15,33.26,33.03,0.00,86.30,87.55,84.58,100093.00,D,3.63,52.29,-1.56,-0.18,54.37,52452.00,4721.00,6291.43
32.84,33.06,33.08,33.06,33.09,33.01,0.00,86.56,87.81,84.83,100092.00,D,4.48,53.10,6.35,-0.22,63.94,52375.00,4680.00,6282.96
32.70,32.93,32.99,32.95,33.02,32.76,0.00,86.79,88.05,85.06,100093.00,D,4.70,54.02,1.66,-0.24,60.39,52080.00,4669.00,6259.08
32.56,32.81,32.88,32.84,32.95,32.60,0.00,86.98,88.26,85.29,100090.00,D,5.16,55.01,3.42,-0.26,63.59,51960.00,4638.00,6244.42
32.42,32.59,32.59,32.60,32.70,32.46,0.00,87.20,88.49,85.55,100095.00,D,3.43,55.87,-12.98,-0.17,46.31,51284.00,4599.00,6227.30
32.28,32.48,32.48,32.48,32.59,32.37,0.00,87.42,88.71,85.79,100093.00,D,4.04,56.61,4.59,-0.20,65.25,50795.00,4542.00,6219.00
32.14,32.36,32.41,32.37,32.46,32.20,0.00,87.62,88.91,86.02,100095.00,D,4.46,57.46,3.13,-0.22,65.05,50261.00,4518.00,6198.80
32.00,32.21,32.30,32.20,32.24,32.13,0.00,87.81,89.11,86.23,100089.00,D,4.36,58.34,-0.68,-0.22,62.03,49819.00,4491.00,6196.98
31.86,32.11,32.17,32.07,32.14,32.06,0.00,87.99,89.27,86.42,100092.00,D,5.09,59.29,5.47,-0.25,69.86,49132.00,4471.00,6165.82
31.72,31.94,31.91,31.91,32.05,31.87,0.00,88.15,89.47,86.63,100095.00,D,4.42,60.24,-5.07,-0.22,59.59,48336.00,4401.00,6141.47
31.58,31.82,31.83,31.85,31.90,31.71,0.00,88.32,89.65,86.83,100095.00,D,4.91,61.18,3.71,-0.25,69.80,48122.00,4342.00,6109.54
31.44,31.71,31.73,31.77,31.77,31.55,0.00,88.48,89.80,87.02,100094.00,D,5.41,62.21,3.71,-0.27,71.33,47826.00,4314.00,6107.76
31.30,31.62,31.63,31.70,31.62,31.53,0.00,88.63,89.95,87.20,100097.00,D,6.49,63.40,8.11,-0.32,78.00,47796.00,4308.00,6078.37
31.30,31.38,31.34,31.46,31.40,31.31,0.00,88.78,90.09,87.40,100098.00,H,1.65,64.21,-36.33,-0.08,29.53,47389.00,4256.00,6045.56
31.50,31.25,31.22,31.27,31.34,31.16,0.00,88.94,90.24,87.61,100099.00,A,-5.01,63.87,-49.92,0.25,8.94,46894.00,4207.00,6018.70
31.70,31.19,31.19,31.24,31.23,31.11,0.00,89.09,90.39,87.77,100093.00,A,-10.06,62.37,-37.91,0.50,14.39,46095.00,4155.00,5989.73
31.90,31.40,31.33,31.36,31.38,31.52,0.00,89.24,90.57,87.88,100092.00,A,-9.96,60.36,0.76,0.50,51.16,45990.00,4134.00,5968.88
32.10,31.58,31.52,31.56,31.53,31.73,0.00,89.39,90.72,87.92,100089.00,A,-10.25,58.34,-2.17,0.51,45.92,45856.00,4132.00,5958.29
32.30,31.80,31.91,31.76,31.66,31.89,0.00,89.54,90.88,87.92,100087.00,A,-9.84,56.33,3.11,0.49,49.60,45404.00,4109.00,5932.41
32.50,31.94,31.98,31.88,31.80,32.11,0.00,89.71,91.00,88.00,100087.00,A,-11.06,54.24,-9.20,0.55,33.98,45693.00,4127.00,5904.27
32.70,31.96,31.98,31.84,31.87,32.14,0.00,89.84,91.12,88.11,100091.00,A,-14.79,51.66,-27.95,0.74,8.92,45552.00,4110.00,5877.62
32.90,31.97,32.01,31.83,31.92,32.12,0.00,89.96,91.25,88.23,100093.00,A,-18.56,48.32,-28.24,0.93,1.52,45659.00,4108.00,5872.69
33.10,32.06,32.08,31.93,32.04,32.20,0.00,90.10,91.38,88.33,100088.00,A,-20.72,44.39,-16.23,1.04,7.44,45546.00,4101.00,5848.77
33.30,32.45,32.58,32.37,32.21,32.64,0.00,90.28,91.51,88.37,100089.00,A,-16.95,40.63,28.30,0.85,51.98,45386.00,4099.00,5822.01
33.50,32.72,32.85,32.59,32.57,32.87,0.00,90.41,91.64,88.36,100090.00,A,-15.56,37.38,10.43,0.78,32.25,45413.00,4107.00,5821.21
33.70,32.85,32.97,32.73,32.66,33.02,0.00,90.52,91.72,88.36,100088.00,A,-16.98,34.12,-10.66,0.85,6.48,45172.00,4110.00,5796.10
33.90,32.93,33.00,32.84,32.80,33.09,0.00,90.63,91.80,88.43,100090.00,A,-19.26,30.50,-17.11,0.96,-5.87,44748.00,4097.00,5781.74
34.10,33.10,33.23,32.96,33.00,33.20,0.00,90.78,91.91,88.50,100090.00,A,-19.94,26.58,-5.10,1.00,1.54,44645.00,4110.00,5768.04
34.30,33.29,33.43,33.13,33.19,33.41,0.00,90.90,91.99,88.55,100087.00,A,-20.15,22.57,-1.58,1.01,0.84,44586.00,4118.00,5768.04
34.50,33.60,33.68,33.55,33.34,33.84,0.00,91.00,92.08,88.54,100090.00,A,-17.90,18.77,16.87,0.90,17.74,44754.00,4138.00,5752.05
34.70,33.87,33.95,33.71,33.74,34.06,0.00,91.10,92.17,88.49,100085.00,A,-16.59,15.32,9.84,0.83,8.57,44925.00,4145.00,5743.20
34.90,34.03,34.14,33.89,33.90,34.20,0.00,91.20,92.22,88.47,100085.00,A,-17.31,11.93,-5.39,0.87,-10.77,45125.00,4152.00,5742.22
35.10,34.28,34.46,34.23,34.04,34.38,0.00,91.26,92.28,88.47,100086.00,A,-16.42,8.55,6.62,0.82,-1.25,45644.00,4175.00,5728.31
35.30,34.54,34.65,34.41,34.40,34.68,0.00,91.34,92.36,88.48,100085.00,A,-15.23,5.39,8.96,0.76,-0.88,45952.00,4187.00,5717.59
35.50,34.70,34.82,34.57,34.56,34.84,0.00,91.42,92.40,88.48,100084.00,A,-15.95,2.27,-5.39,0.80,-19.07,46063.00,4203.00,5715.84
35.70,34.93,35.01,34.99,34.70,35.01,0.00,91.48,92.44,88.46,100088.00,A,-15.42,0.00,3.98,0.77,-11.43,46792.00,4233.00,5691.06
35.90,35.28,35.27,35.23,35.21,35.41,0.00,91.54,92.48,88.45,100083.00,A,-12.35,0.00,23.03,0.62,10.68,47424.00,4256.00,5701.87
36.10,35.48,35.62,35.41,35.38,35.52,0.00,91.59,92.50,88.44,100083.00,A,-12.32,0.00,0.18,0.62,-12.15,47500.00,4263.00,5702.84
36.30,35.58,35.73,35.49,35.47,35.63,0.00,91.63,92.50,88.45,100085.00,A,-14.37,0.00,-15.35,0.72,-29.72,48156.00,4282.00,5707.88
36.50,35.86,35.87,35.82,35.83,35.92,0.00,91.69,92.52,88.49,100085.00,A,-12.74,0.00,12.19,0.64,-0.56,49316.00,4297.00,5698.78
36.70,36.01,36.03,36.02,35.97,36.02,0.00,91.73,92.56,88.52,100086.00,A,-13.74,0.00,-7.44,0.69,-21.18,49668.00,4315.00,5703.62
36.90,36.13,36.27,36.07,36.04,36.15,0.00,91.78,92.58,88.53,100091.00,A,-15.32,0.00,-11.84,0.77,-27.15,50670.00,4354.00,5716.04
37.10,36.38,36.43,36.41,36.38,36.31,0.00,91.79,92.54,88.55,100091.00,A,-14.32,0.00,7.50,0.72,-6.82,51719.00,4401.00,5717.59
37.30,36.54,36.55,36.52,36.52,36.55,0.00,91.83,92.56,88.55,100090.00,A,-15.19,0.00,-6.56,0.76,-21.75,51514.00,4410.00,5715.06
37.50,36.61,36.63,36.57,36.60,36.63,0.00,91.82,92.57,88.57,100087.00,A,-17.78,0.00,-19.45,0.89,-37.24,51484.00,4419.00,5741.23
37.70,36.82,36.76,36.88,36.90,36.74,0.00,91.81,92.54,88.58,100087.00,A,-17.53,0.00,1.93,0.88,-15.59,52297.00,4481.00,5742.41
37.90,37.03,37.03,37.01,37.04,37.03,0.00,91.81,92.58,88.60,100090.00,A,-17.39,0.00,1.05,0.87,-16.33,53253.00,4544.00,5769.23
37.94,37.14,37.15,37.15,37.16,37.10,0.00,91.84,92.56,88.61,100087.00,A,-15.98,0.00,10.57,0.80,-5.41,53767.00,4596.00,5791.31
37.94,37.25,37.24,37.30,37.30,37.16,0.00,91.82,92.56,88.64,100088.00,A,-13.75,0.00,16.70,0.69,2.95,53034.00,4601.00,5797.50
37.94,37.25,37.24,37.22,37.31,37.23,0.00,91.82,92.53,88.65,100087.00,A,-13.75,0.00,0.00,0.69,-13.75,52844.00,4593.00,5816.97
37.94,37.29,37.33,37.23,37.30,37.30,0.00,91.79,92.52,88.65,100089.00,A,-12.97,0.00,5.86,0.65,-7.11,53893.00,4649.00,5822.21
37.94,37.40,37.41,37.44,37.38,37.37,0.00,91.78,92.45,88.65,100094.00,A,-10.78,0.00,16.41,0.54,5.62,54249.00,4691.00,5849.79
37.94,37.43,37.45,37.45,37.41,37.40,0.00,91.71,92.45,88.63,100093.00,A,-10.16,0.00,4.69,0.51,-5.47,54068.00,4717.00,5851.62
37.94,37.46,37.47,37.45,37.46,37.46,0.00,91.69,92.42,88.60,100093.00,A,-9.53,0.00,4.69,0.48,-4.84,54290.00,4734.00,5876.80
37.94,37.48,37.53,37.44,37.45,37.50,0.00,91.61,92.36,88.57,100093.00,A,-9.14,0.00,2.93,0.46,-6.21,54993.00,4754.00,5905.10
37.94,37.52,37.56,37.49,37.48,37.53,0.00,91.57,92.29,88.51,100091.00,A,-8.44,0.00,5.27,0.42,-3.16,55599.00,4782.00,5904.89
37.94,37.60,37.61,37.55,37.56,37.66,0.00,91.51,92.21,88.43,100093.00,A,-6.84,0.00,12.01,0.34,5.18,55563.00,4804.00,5933.04
37.94,37.64,37.66,37.62,37.56,37.72,0.00,91.44,92.13,88.36,100096.00,A,-5.98,0.00,6.45,0.30,0.47,55689.00,4841.00,5933.46
37.94,37.64,37.70,37.62,37.55,37.71,0.00,91.31,91.99,88.26,100092.00,A,-5.86,0.00,0.88,0.29,-4.98,55874.00,4908.00,5961.46
37.94,37.68,37.74,37.63,37.64,37.73,0.00,91.24,91.89,88.18,100095.00,A,-5.08,0.00,5.86,0.25,0.78,55999.00,4983.00,5987.81
37.94,37.70,37.77,37.67,37.63,37.72,0.00,91.12,91.73,88.10,100097.00,A,-4.77,0.00,2.34,0.24,-2.42,56470.00,5058.00,6018.49
37.94,37.72,37.82,37.70,37.66,37.72,0.00,91.01,91.59,88.00,100092.00,A,-4.26,0.00,3.81,0.21,-0.45,56813.00,5086.00,6051.00
37.94,37.78,37.89,37.74,37.73,37.74,0.00,90.88,91.41,87.91,100093.00,A,-3.20,0.00,7.91,0.16,4.71,56897.00,5094.00,6093.14
37.94,37.84,37.94,37.80,37.79,37.84,0.00,90.74,91.23,87.79,100092.00,A,-1.87,0.00,9.96,0.09,8.09,57525.00,5116.00,6127.14
37.94,37.89,37.98,37.88,37.83,37.88,0.00,90.61,91.07,87.68,100090.00,A,-0.94,0.00,7.03,0.05,6.09,57650.00,5120.00,6157.23
37.94,37.92,37.99,37.90,37.91,37.89,0.00,90.44,90.87,87.58,100091.00,A,-0.31,0.00,4.69,0.02,4.37,57924.00,5118.00,6166.72
37.94,37.93,37.97,37.91,37.91,37.91,0.00,90.27,90.67,87.47,100094.00,A,-0.23,0.00,0.59,0.01,0.35,58707.00,5126.00,6198.12
37.94,37.93,37.98,37.90,37.91,37.93,0.00,90.14,90.45,87.37,100092.00,A,-0.20,0.00,0.29,0.01,0.10,59310.00,5125.00,6227.53
37.94,37.96,38.01,37.91,37.98,37.96,0.00,89.94,90.26,87.26,100091.00,A,0.51,0.03,5.27,-0.03,5.81,60065.00,5124.00,6243.03
37.94,38.01,38.02,37.94,38.00,38.09,0.00,89.79,90.04,87.15,100092.00,A,1.48,0.23,7.32,-0.07,9.04,60420.00,5125.00,6277.32
37.94,38.04,38.03,38.02,38.02,38.11,0.00,89.63,89.86,87.01,100095.00,A,2.15,0.59,4.98,-0.11,7.72,60545.00,5123.00,6316.26
37.94,38.07,38.04,38.02,38.09,38.13,0.00,89.48,89.67,86.89,100094.00,A,2.66,1.07,3.81,-0.13,7.54,60809.00,5125.00,6321.02
37.94,38.08,38.02,38.04,38.11,38.13,0.00,89.29,89.49,86.77,100092.00,A,2.77,1.62,0.88,-0.14,5.27,61039.00,5124.00,6323.63
37.94,38.07,38.01,38.05,38.11,38.12,0.00,89.12,89.27,86.66,100096.00,A,2.66,2.16,-0.88,-0.13,3.94,60792.00,5123.00,6354.73
37.94,38.08,38.01,38.05,38.13,38.14,0.00,88.97,89.09,86.56,100091.00,A,2.89,2.71,1.76,-0.14,7.36,60839.00,5124.00,6386.13
37.94,38.09,38.02,38.07,38.15,38.14,0.00,88.78,88.88,86.44,100095.00,A,3.12,3.32,1.76,-0.16,8.20,61091.00,5127.00,6418.83
37.94,38.11,38.02,38.09,38.16,38.16,0.00,88.58,88.71,86.29,100091.00,A,3.40,3.97,2.05,-0.17,9.42,61126.00,5129.00,6486.99
37.94,38.11,38.00,38.11,38.16,38.16,0.00,88.40,88.50,86.13,100093.00,A,3.40,4.65,0.00,-0.17,8.05,60959.00,5128.00,6519.71
37.94,38.11,38.01,38.09,38.14,38.19,0.00,88.20,88.29,85.98,100092.00,H,3.36,5.32,-0.29,-0.17,8.39,60958.00,5131.00,6554.05
37.94,38.09,38.01,38.06,38.15,38.13,0.00,87.95,88.05,85.79,100092.00,H,2.97,5.96,-2.93,-0.15,6.00,61037.00,5128.00,6556.61
37.94,38.08,37.97,38.06,38.13,38.14,0.00,87.70,87.80,85.56,100093.00,H,2.77,6.53,-1.46,-0.14,7.84,61140.00,5130.00,6584.62
37.94,38.07,37.97,38.04,38.14,38.13,0.00,87.49,87.58,85.32,100092.00,H,2.62,7.07,-1.17,-0.13,8.52,61027.00,5128.00,6586.69
37.94,38.07,37.98,38.05,38.13,38.13,0.00,87.20,87.29,85.08,100094.00,H,2.70,7.60,0.59,-0.13,10.88,61135.00,5132.00,6588.24
37.94,38.07,37.98,38.05,38.13,38.13,0.00,86.95,87.03,84.82,100093.00,H,2.70,8.14,0.00,-0.13,10.84,61116.00,5131.00,6587.98
37.94,38.05,37.97,38.03,38.12,38.09,0.00,86.72,86.76,84.56,100093.00,H,2.30,8.64,-2.93,-0.12,8.02,61261.00,5131.00,6589.01
37.94,38.03,37.93,38.03,38.09,38.07,0.00,86.50,86.51,84.32,100093.00,H,1.84,9.05,-3.52,-0.09,7.37,61222.00,5129.00,6587.72
37.94,38.02,37.94,38.02,38.09,38.05,0.00,86.26,86.27,84.09,100093.00,H,1.68,9.41,-1.17,-0.08,9.91,61221.00,5132.00,6588.75
37.94,38.01,37.92,37.99,38.06,38.05,0.00,86.04,86.02,83.87,100092.00,H,1.37,9.71,-2.34,-0.07,8.73,61309.00,5132.00,6587.46
37.94,38.00,37.93,37.98,38.05,38.04,0.00,85.80,85.81,83.67,100093.00,H,1.29,9.98,-0.59,-0.06,10.68,61324.00,5131.00,6587.20
37.94,37.99,37.92,37.97,38.05,38.01,0.00,85.63,85.58,83.49,100094.00,H,0.98,10.20,-2.34,-0.05,8.84,61365.00,5130.00,6589.27
37.94,37.98,37.91,37.97,38.05,38.00,0.00,85.44,85.39,83.30,100093.00,H,0.86,10.39,-0.88,-0.04,10.37,61331.00,5131.00,6589.27
37.94,37.96,37.89,37.95,38.02,37.99,0.00,85.25,85.19,83.13,100092.00,H,0.55,10.53,-2.34,-0.03,8.73,61235.00,5130.00,6589.79
37.94,37.96,37.90,37.95,38.00,38.00,0.00,85.06,85.04,82.97,100093.00,H,0.47,10.63,-0.59,-0.02,10.51,61268.00,5132.00,6589.53
37.94,37.95,37.89,37.91,38.00,37.99,0.00,84.91,84.87,82.82,100091.00,H,0.23,10.70,-1.76,-0.01,9.18,61263.00,5131.00,6588.75
37.94,37.94,37.88,37.92,37.98,37.99,0.00,84.77,84.75,82.68,100094.00,H,0.12,10.73,-0.88,-0.01,9.97,61244.00,5131.00,6588.49
37.94,37.94,37.88,37.92,37.96,37.99,0.00,84.63,84.60,82.55,100094.00,H,0.04,10.75,-0.59,-0.00,10.20,61252.00,5132.00,6587.46
37.94,37.94,37.88,37.91,37.98,37.98,0.00,84.51,84.47,82.41,100093.00,H,-0.04,10.75,-0.59,0.00,10.13,61267.00,5133.00,6587.46
37.94,37.92,37.87,37.91,37.96,37.96,0.00,84.36,84.34,82.31,100093.00,H,-0.27,10.72,-1.76,0.01,8.69,61228.00,5132.00,6586.94
37.94,37.91,37.86,37.88,37.95,37.96,0.00,84.23,84.22,82.20,100093.00,H,-0.47,10.64,-1.46,0.02,8.71,61238.00,5130.00,6587.46
37.94,37.91,37.84,37.88,37.96,37.96,0.00,84.12,84.14,82.08,100091.00,H,-0.55,10.54,-0.59,0.03,9.41,61259.00,5128.00,6587.72
37.94,37.92,37.85,37.90,37.95,37.97,0.00,84.00,84.01,81.98,100089.00,H,-0.43,10.45,0.88,0.02,10.89,61277.00,5130.00,6587.46
37.94,37.91,37.85,37.88,37.94,37.97,0.00,83.92,83.93,81.89,100090.00,H,-0.55,10.35,-0.88,0.03,8.92,61219.00,5132.00,6588.24
37.94,37.90,37.84,37.88,37.92,37.95,0.00,83.81,83.84,81.79,100092.00,H,-0.74,10.22,-1.46,0.04,8.01,61268.00,5133.00,6590.04
37.94,37.91,37.85,37.88,37.95,37.97,0.00,83.77,83.73,81.70,100093.00,H,-0.47,10.10,2.05,0.02,11.68,61308.00,5133.00,6591.08
37.86,37.91,37.86,37.90,37.93,37.95,0.00,83.67,83.72,81.60,100093.00,D,1.05,10.16,11.41,-0.05,22.62,61309.00,5130.00,6590.04
37.78,37.90,37.85,37.89,37.94,37.93,0.00,83.59,83.63,81.54,100093.00,D,2.50,10.51,10.83,-0.12,23.84,61309.00,5132.00,6589.27
37.70,37.86,37.80,37.88,37.88,37.86,0.00,83.54,83.56,81.46,100092.00,D,3.16,11.08,4.97,-0.16,19.21,61309.00,5128.00,6589.01
37.62,37.75,37.67,37.72,37.84,37.79,0.00,83.46,83.48,81.42,100094.00,D,2.73,11.67,-3.23,-0.14,11.16,61229.00,5125.00,6587.72
37.54,37.69,37.60,37.67,37.77,37.73,0.00,83.40,83.46,81.41,100095.00,D,3.08,12.25,2.63,-0.15,17.95,61202.00,5128.00,6579.21
37.46,37.60,37.55,37.60,37.65,37.60,0.00,83.36,83.43,81.39,100094.00,D,2.84,12.84,-1.77,-0.14,13.91,61229.00,5128.00,6574.83
37.38,37.54,37.48,37.55,37.59,37.55,0.00,83.30,83.37,81.41,100091.00,D,3.27,13.45,3.21,-0.16,19.93,61169.00,5129.00,6561.73
37.30,37.51,37.47,37.48,37.59,37.51,0.00,83.30,83.39,81.41,100095.00,D,4.28,14.21,7.61,-0.21,26.10,61117.00,5127.00,6555.33
37.22,37.44,37.38,37.45,37.49,37.43,0.00,83.29,83.41,81.41,100096.00,D,4.40,15.07,0.87,-0.22,20.34,61170.00,5123.00,6551.50
37.14,37.38,37.33,37.41,37.44,37.34,0.00,83.26,83.41,81.45,100096.00,D,4.87,16.00,3.50,-0.24,24.37,61148.00,5124.00,6524.27
37.06,37.31,37.25,37.30,37.38,37.30,0.00,83.29,83.43,81.49,100102.00,D,4.98,16.99,0.87,-0.25,22.84,61157.00,5118.00,6519.71
36.98,37.22,37.17,37.22,37.27,37.23,0.00,83.30,83.48,81.53,100099.00,D,4.94,17.98,-0.30,-0.25,22.62,61158.00,5119.00,6519.71
36.90,37.11,37.03,37.15,37.18,37.08,0.00,83.33,83.54,81.60,100099.00,D,4.24,18.90,-5.28,-0.21,17.85,61182.00,5120.00,6505.58
36.82,37.04,36.96,37.02,37.15,37.02,0.00,83.38,83.59,81.69,100098.00,D,4.35,19.76,0.87,-0.22,24.98,61107.00,5117.00,6486.99
36.74,36.96,36.89,36.95,37.02,36.99,0.00,83.43,83.66,81.78,100096.00,D,4.55,20.65,1.45,-0.23,26.65,61014.00,5115.00,6485.23
36.66,36.90,36.85,36.91,36.95,36.88,0.00,83.49,83.74,81.86,100096.00,D,4.78,21.58,1.75,-0.24,28.10,60920.00,5116.00,6477.98
36.58,36.83,36.81,36.79,36.90,36.83,0.00,83.56,83.85,81.96,100098.00,D,5.09,22.57,2.33,-0.25,29.99,60786.00,5113.00,6453.10
36.50,36.73,36.66,36.73,36.78,36.74,0.00,83.64,83.95,82.06,100098.00,D,4.66,23.54,-3.23,-0.23,24.97,60676.00,5107.00,6452.85
36.42,36.63,36.56,36.65,36.70,36.59,0.00,83.76,84.08,82.18,100098.00,D,4.15,24.42,-3.82,-0.21,24.75,60529.00,5106.00,6420.06
36.34,36.52,36.50,36.49,36.62,36.48,0.00,83.84,84.21,82.31,100101.00,D,3.72,25.21,-3.23,-0.19,25.69,60344.00,5103.00,6418.83
36.26,36.46,36.43,36.43,36.51,36.46,0.00,83.96,84.34,82.44,100101.00,D,3.99,25.98,2.04,-0.20,32.01,60333.00,5099.00,6400.24
36.18,36.37,36.30,36.36,36.43,36.41,0.00,84.08,84.47,82.57,100095.00,D,3.91,26.77,-0.60,-0.20,30.08,60286.00,5095.00,6392.21
36.10,36.27,36.24,36.23,36.35,36.23,0.00,84.20,84.64,82.71,100097.00,D,3.36,27.50,-4.11,-0.17,26.75,60167.00,5094.00,6371.36
36.02,36.19,36.16,36.19,36.23,36.16,0.00,84.33,84.75,82.86,100099.00,D,3.36,28.17,-0.01,-0.17,31.52,60100.00,5084.00,6354.01
35.94,36.11,36.08,36.10,36.16,36.08,0.00,84.45,84.91,83.01,100100.00,D,3.36,28.84,-0.01,-0.17,32.19,60032.00,5080.00,6353.53
35.86,36.01,36.03,35.96,36.10,35.96,0.00,84.60,85.09,83.17,100098.00,D,3.12,29.49,-1.77,-0.16,30.85,59853.00,5074.00,6331.26
35.78,35.90,35.88,35.89,35.95,35.88,0.00,84.74,85.24,83.33,100096.00,D,2.42,30.05,-5.28,-0.12,27.18,59639.00,5068.00,6323.63
35.70,35.82,35.81,35.82,35.85,35.80,0.00,84.86,85.39,83.50,100096.00,D,2.46,30.53,0.28,-0.12,33.27,59523.00,5061.00,6305.83
35.62,35.77,35.75,35.77,35.82,35.74,0.00,85.04,85.57,83.65,100094.00,D,3.08,31.09,4.68,-0.15,38.84,59388.00,5050.00,6290.96
35.54,35.67,35.70,35.66,35.70,35.64,0.00,85.18,85.74,83.81,100095.00,D,2.73,31.67,-2.65,-0.14,31.75,59149.00,5044.00,6274.74
35.46,35.58,35.53,35.58,35.64,35.59,0.00,85.34,85.91,83.99,100097.00,D,2.53,32.19,-1.48,-0.13,33.25,58842.00,5035.00,6259.55
35.38,35.50,35.43,35.48,35.57,35.51,0.00,85.51,86.10,84.16,100094.00,D,2.41,32.69,-0.89,-0.12,34.21,58736.00,5026.00,6258.61
35.30,35.38,35.38,35.35,35.41,35.35,0.00,85.67,86.28,84.35,100094.00,D,1.55,33.08,-6.46,-0.08,28.18,58478.00,5013.00,6243.50
35.22,35.30,35.31,35.27,35.34,35.29,0.00,85.84,86.48,84.54,100095.00,D,1.71,33.41,1.16,-0.09,36.28,58242.00,5003.00,6227.53
35.14,35.24,35.23,35.22,35.27,35.24,0.00,85.99,86.65,84.70,100094.00,D,2.10,33.79,2.92,-0.10,38.80,58015.00,4990.00,6228.68
35.06,35.13,35.13,35.11,35.15,35.12,0.00,86.18,86.86,84.88,100096.00,D,1.39,34.14,-5.28,-0.07,30.24,57937.00,4979.00,6227.07
34.98,35.06,35.05,35.03,35.10,35.06,0.00,86.32,87.02,85.05,100094.00,D,1.70,34.45,2.33,-0.09,38.48,57634.00,4967.00,6227.30
34.90,35.01,34.98,34.99,35.05,35.00,0.00,86.48,87.23,85.22,100096.00,D,2.17,34.83,3.50,-0.11,40.51,57417.00,4951.00,6212.33
34.82,34.93,34.92,34.91,34.94,34.95,0.00,86.69,87.38,85.39,100096.00,D,2.21,35.27,0.28,-0.11,37.76,57291.00,4940.00,6197.43
34.74,34.80,34.78,34.81,34.85,34.77,0.00,86.82,87.58,85.55,100095.00,D,1.35,35.63,-6.46,-0.07,30.52,57081.00,4926.00,6200.63
34.66,34.74,34.70,34.74,34.80,34.73,0.00,86.97,87.75,85.73,100100.00,D,1.73,35.93,2.92,-0.09,40.59,56791.00,4908.00,6200.63
34.58,34.65,34.66,34.61,34.69,34.66,0.00,87.16,87.94,85.90,100093.00,D,1.50,36.26,-1.77,-0.07,35.99,56559.00,4895.00,6194.00
34.50,34.61,34.60,34.55,34.65,34.62,0.00,87.33,88.11,86.06,100091.00,D,2.16,36.62,4.97,-0.11,43.75,56450.00,4879.00,6195.60
34.42,34.54,34.52,34.49,34.59,34.55,0.00,87.46,88.26,86.21,100093.00,D,2.35,37.08,1.45,-0.12,40.88,56281.00,4858.00,6197.20
34.34,34.46,34.41,34.45,34.52,34.46,0.00,87.63,88.45,86.38,100096.00,D,2.43,37.55,0.57,-0.12,40.56,56090.00,4847.00,6196.06
34.26,34.36,34.34,34.34,34.43,34.32,0.00,87.78,88.61,86.53,100092.00,D,2.04,38.00,-2.94,-0.10,37.10,56102.00,4837.00,6183.52
34.18,34.27,34.26,34.24,34.35,34.23,0.00,87.93,88.77,86.70,100094.00,D,1.88,38.39,-1.18,-0.09,39.09,55807.00,4825.00,6181.93
34.10,34.20,34.18,34.19,34.22,34.20,0.00,88.07,88.94,86.86,100093.00,D,1.96,38.78,0.57,-0.10,41.31,55574.00,4810.00,6172.84
34.02,34.13,34.07,34.09,34.18,34.16,0.00,88.24,89.12,87.02,100093.00,D,2.15,39.19,1.45,-0.11,42.79,55287.00,4790.00,6168.53
33.94,34.04,34.02,34.02,34.09,34.04,0.00,88.36,89.24,87.17,100090.00,D,2.07,39.61,-0.60,-0.10,41.09,55225.00,4780.00,6166.95
33.86,33.94,33.93,33.94,33.95,33.95,0.00,88.48,89.39,87.32,100092.00,D,1.72,39.99,-2.65,-0.09,39.06,55119.00,4766.00,6163.33
33.78,33.86,33.85,33.81,33.88,33.91,0.00,88.62,89.55,87.46,100091.00,D,1.72,40.33,-0.01,-0.09,42.04,55009.00,4745.00,6165.82
33.70,33.80,33.82,33.80,33.83,33.75,0.00,88.78,89.68,87.61,100092.00,D,2.03,40.71,2.33,-0.10,45.07,54826.00,4726.00,6164.91
33.62,33.75,33.70,33.75,33.77,33.78,0.00,88.89,89.79,87.74,100091.00,D,2.65,41.18,4.68,-0.13,48.50,54512.00,4706.00,6157.68
33.54,33.66,33.65,33.63,33.67,33.70,0.00,89.04,89.93,87.87,100089.00,D,2.49,41.69,-1.18,-0.12,43.00,54277.00,4692.00,6146.64
33.46,33.56,33.55,33.55,33.61,33.54,0.00,89.15,90.09,88.01,100091.00,D,2.06,42.15,-3.23,-0.10,40.98,53945.00,4661.00,6134.75
33.38,33.48,33.45,33.48,33.53,33.48,0.00,89.25,90.20,88.15,100094.00,D,2.14,42.57,0.57,-0.11,45.28,53682.00,4634.00,6135.87
33.30,33.42,33.41,33.34,33.48,33.45,0.00,89.37,90.32,88.28,100089.00,D,2.49,43.03,2.63,-0.12,48.14,53538.00,4615.00,6133.63
33.22,33.35,33.28,33.30,33.42,33.40,0.00,89.47,90.44,88.39,100094.00,D,2.64,43.54,1.16,-0.13,47.35,53372.00,4596.00,6106.87
33.14,33.23,33.20,33.24,33.28,33.20,0.00,89.58,90.54,88.51,100089.00,D,1.90,44.00,-5.58,-0.10,40.32,53135.00,4576.00,6105.54
33.06,33.16,33.12,33.18,33.18,33.17,0.00,89.69,90.64,88.63,100091.00,D,2.09,44.40,1.45,-0.10,47.94,52886.00,4565.00,6105.09
32.98,33.14,33.11,33.14,33.20,33.13,0.00,89.79,90.77,88.77,100093.00,D,3.30,44.94,9.07,-0.17,57.31,52187.00,4540.00,6077.27
32.98,33.04,33.00,33.08,33.06,33.01,0.00,89.90,90.86,88.87,100091.00,H,1.19,45.39,-15.82,-0.06,30.76,51818.00,4524.00,6076.39
32.98,32.95,32.91,32.98,32.98,32.91,0.00,89.98,90.98,88.99,100089.00,H,-0.60,45.45,-13.48,0.03,31.37,51339.00,4495.00,6075.73
32.98,32.88,32.86,32.84,32.94,32.87,0.00,90.06,91.09,89.10,100092.00,H,-2.01,45.18,-10.55,0.10,32.63,51352.00,4466.00,6048.39
32.98,32.91,32.90,32.86,32.94,32.95,0.00,90.20,91.15,89.18,100089.00,H,-1.34,44.85,4.98,0.07,48.49,51069.00,4437.00,6047.73
32.98,32.95,32.96,32.91,32.98,32.95,0.00,90.28,91.26,89.23,100090.00,H,-0.52,44.66,6.15,0.03,50.29,50666.00,4397.00,6041.21
32.98,32.98,33.01,32.96,33.02,32.95,0.00,90.39,91.36,89.29,100091.00,H,0.14,44.62,4.98,-0.01,49.74,50158.00,4375.00,6018.70
32.98,32.92,32.92,32.91,32.94,32.90,0.00,90.46,91.46,89.38,100091.00,H,-1.23,44.52,-10.25,0.06,33.03,50039.00,4374.00,6017.19
32.98,32.84,32.85,32.87,32.85,32.80,0.00,90.56,91.52,89.48,100090.00,H,-2.67,44.13,-10.84,0.13,30.61,49558.00,4363.00,6000.86
32.98,32.82,32.83,32.81,32.84,32.80,0.00,90.64,91.60,89.57,100089.00,H,-3.18,43.54,-3.81,0.16,36.55,49438.00,4343.00,5987.60
32.98,32.83,32.83,32.81,32.82,32.85,0.00,90.73,91.68,89.65,100090.00,H,-2.99,42.92,1.46,0.15,41.40,49245.00,4323.00,5973.55
32.98,32.86,32.88,32.81,32.83,32.91,0.00,90.81,91.76,89.70,100089.00,H,-2.44,42.38,4.10,0.12,44.04,49108.00,4318.00,5960.62
33.04,32.85,32.91,32.83,32.80,32.85,0.00,90.89,91.85,89.77,100091.00,A,-3.79,41.76,-10.17,0.19,27.79,48879.00,4312.00,5960.62
33.10,32.84,32.88,32.83,32.84,32.82,0.00,90.96,91.93,89.83,100087.00,A,-5.15,40.86,-10.17,0.26,25.54,48542.00,4288.00,5932.83
33.16,32.87,32.87,32.83,32.91,32.87,0.00,91.06,91.98,89.92,100090.00,A,-5.76,39.77,-4.61,0.29,29.40,48395.00,4250.00,5933.25
33.22,32.96,32.97,32.90,32.94,33.03,0.00,91.16,92.06,89.96,100087.00,A,-5.17,38.68,4.48,0.26,37.99,48601.00,4255.00,5928.02
33.28,33.00,33.01,32.93,32.96,33.09,0.00,91.20,92.12,89.99,100091.00,A,-5.63,37.60,-3.43,0.28,28.54,48574.00,4261.00,5904.89
33.34,33.04,33.05,32.98,33.00,33.11,0.00,91.29,92.22,90.03,100088.00,A,-6.04,36.43,-3.14,0.30,27.25,48170.00,4249.00,5901.16
33.40,33.11,33.10,33.07,33.09,33.16,0.00,91.37,92.27,90.07,100089.00,A,-5.84,35.24,1.55,0.29,30.95,48008.00,4232.00,5898.05
33.46,33.16,33.17,33.13,33.16,33.18,0.00,91.44,92.31,90.11,100087.00,A,-5.94,34.07,-0.80,0.30,27.32,47943.00,4220.00,5883.79
33.52,33.20,33.26,33.17,33.18,33.20,0.00,91.48,92.35,90.15,100086.00,A,-6.29,32.84,-2.55,0.31,24.00,47887.00,4213.00,5875.98
33.58,33.28,33.31,33.23,33.23,33.36,0.00,91.56,92.42,90.17,100086.00,A,-5.92,31.62,2.72,0.30,28.42,47822.00,4212.00,5871.46
33.64,33.38,33.38,33.33,33.36,33.45,0.00,91.62,92.48,90.22,100088.00,A,-5.21,30.51,5.36,0.26,30.65,47843.00,4195.00,5856.52
33.70,33.44,33.41,33.41,33.41,33.53,0.00,91.69,92.50,90.23,100088.00,A,-5.08,29.48,0.96,0.25,25.36,47722.00,4198.00,5849.17
33.76,33.48,33.48,33.44,33.45,33.58,0.00,91.73,92.56,90.26,100088.00,A,-5.46,28.42,-2.85,0.27,20.12,47674.00,4203.00,5848.16
33.82,33.54,33.55,33.45,33.54,33.61,0.00,91.78,92.61,90.30,100093.00,A,-5.61,27.32,-1.09,0.28,20.62,47532.00,4196.00,5833.94
33.88,33.58,33.59,33.48,33.55,33.68,0.00,91.82,92.66,90.32,100090.00,A,-6.02,26.16,-3.14,0.30,16.99,47542.00,4201.00,5821.61
33.94,33.64,33.67,33.55,33.60,33.73,0.00,91.87,92.67,90.33,100087.00,A,-6.01,24.95,0.08,0.30,19.02,47370.00,4189.00,5821.81
34.00,33.79,33.73,33.75,33.80,33.90,0.00,91.94,92.71,90.34,100093.00,A,-4.09,23.94,14.44,0.20,34.29,47128.00,4187.00,5821.21
34.06,33.90,33.92,33.85,33.88,33.96,0.00,91.98,92.74,90.33,100090.00,A,-3.06,23.23,7.70,0.15,27.86,46981.00,4183.00,5814.15
34.12,33.95,33.96,33.89,33.94,33.99,0.00,92.00,92.77,90.33,100091.00,A,-3.44,22.58,-2.85,0.17,16.29,46942.00,4188.00,5808.53
34.18,33.96,33.95,33.91,33.93,34.04,0.00,92.03,92.80,90.36,100088.00,A,-4.41,21.79,-7.24,0.22,10.14,46852.00,4196.00,5800.10
34.24,34.01,33.98,33.97,33.98,34.10,0.00,92.07,92.82,90.38,100087.00,A,-4.59,20.89,-1.38,0.23,14.92,46791.00,4194.00,5794.90
34.30,34.09,34.10,34.06,34.02,34.16,0.00,92.08,92.83,90.39,100092.00,A,-4.23,20.01,2.72,0.21,18.50,46810.00,4197.00,5795.50
34.36,34.24,34.30,34.18,34.20,34.30,0.00,92.10,92.86,90.38,100088.00,A,-2.27,19.36,14.73,0.11,31.82,46803.00,4201.00,5796.50
34.42,34.32,34.34,34.27,34.26,34.43,0.00,92.14,92.87,90.35,100089.00,A,-1.86,18.95,3.01,0.09,20.09,46907.00,4208.00,5795.30
34.48,34.37,34.40,34.30,34.30,34.48,0.00,92.17,92.90,90.36,100086.00,A,-2.13,18.55,-1.97,0.11,14.45,46900.00,4209.00,5793.10
34.54,34.37,34.40,34.32,34.32,34.45,0.00,92.18,92.86,90.37,100090.00,A,-3.33,18.00,-9.00,0.17,5.67,46880.00,4211.00,5780.94
34.60,34.46,34.49,34.42,34.38,34.53,0.00,92.17,92.87,90.39,100091.00,A,-2.85,17.38,3.60,0.14,18.13,46910.00,4212.00,5768.24
34.66,34.54,34.58,34.48,34.45,34.64,0.00,92.21,92.90,90.38,100088.00,A,-2.41,16.86,3.30,0.12,17.76,47030.00,4216.00,5769.23
34.72,34.63,34.68,34.57,34.59,34.69,0.00,92.24,92.90,90.34,100093.00,A,-1.69,16.45,5.36,0.08,20.11,47120.00,4220.00,5769.63
34.78,34.73,34.73,34.70,34.65,34.84,0.00,92.22,92.91,90.32,100088.00,A,-0.98,16.18,5.36,0.05,20.56,47216.00,4225.00,5768.24
34.84,34.78,34.77,34.73,34.74,34.87,0.00,92.22,92.90,90.31,100087.00,A,-1.16,15.97,-1.38,0.06,13.42,47335.00,4230.00,5770.62
34.90,34.80,34.84,34.76,34.74,34.86,0.00,92.22,92.88,90.31,100091.00,A,-1.93,15.66,-5.78,0.10,7.95,47355.00,4232.00,5771.61
34.96,34.88,34.91,34.84,34.80,34.95,0.00,92.25,92.87,90.33,100096.00,A,-1.65,15.30,2.13,0.08,15.78,47481.00,4238.00,5768.04
35.02,34.96,34.96,34.91,34.92,35.04,0.00,92.24,92.85,90.31,100090.00,A,-1.21,15.01,3.30,0.06,17.11,47579.00,4244.00,5767.84
35.08,35.03,35.06,34.97,34.98,35.11,0.00,92.26,92.86,90.29,100086.00,A,-0.96,14.80,1.84,0.05,15.67,47664.00,4245.00,5768.24
35.14,35.09,35.14,35.06,35.02,35.14,0.00,92.24,92.85,90.27,100093.00,A,-0.95,14.61,0.08,0.05,13.74,47721.00,4249.00,5767.65
35.20,35.15,35.19,35.09,35.09,35.23,0.00,92.25,92.83,90.26,100088.00,A,-0.94,14.42,0.08,0.05,13.56,47788.00,4255.00,5767.45
35.26,35.18,35.22,35.13,35.13,35.27,0.00,92.25,92.79,90.25,100093.00,A,-1.48,14.18,-4.02,0.07,8.68,47854.00,4256.00,5767.45
35.32,35.24,35.28,35.21,35.16,35.31,0.00,92.23,92.78,90.23,100094.00,A,-1.51,13.88,-0.21,0.08,12.16,48019.00,4263.00,5768.24
35.38,35.31,35.33,35.28,35.28,35.37,0.00,92.22,92.74,90.22,100088.00,A,-1.26,13.60,1.84,0.06,14.18,48239.00,4270.00,5768.44
35.44,35.41,35.47,35.34,35.34,35.48,0.00,92.20,92.72,90.19,100090.00,A,-0.62,13.41,4.77,0.03,17.56,48394.00,4289.00,5768.04
35.50,35.46,35.50,35.43,35.38,35.52,0.00,92.19,92.67,90.17,100088.00,A,-0.85,13.26,-1.68,0.04,10.74,48341.00,4293.00,5769.03
35.56,35.50,35.52,35.45,35.45,35.56,0.00,92.17,92.66,90.15,100092.00,A,-1.19,13.06,-2.55,0.06,9.32,48211.00,4300.00,5768.24
35.62,35.54,35.57,35.48,35.47,35.63,0.00,92.18,92.64,90.14,100091.00,A,-1.61,12.78,-3.14,0.08,8.03,48228.00,4306.00,5767.05
35.68,35.58,35.60,35.54,35.54,35.63,0.00,92.13,92.60,90.11,100092.00,A,-1.99,12.42,-2.85,0.10,7.59,48266.00,4312.00,5761.71
35.74,35.68,35.72,35.63,35.63,35.74,0.00,92.12,92.55,90.08,100091.00,A,-1.16,12.11,6.23,0.06,17.19,48366.00,4314.00,5768.64
35.80,35.75,35.80,35.70,35.66,35.83,0.00,92.10,92.51,90.04,100091.00,A,-0.99,11.89,1.25,0.05,12.16,48573.00,4330.00,5768.44
35.86,35.79,35.83,35.73,35.72,35.88,0.00,92.09,92.48,90.01,100087.00,A,-1.41,11.65,-3.14,0.07,7.11,48654.00,4334.00,5769.23
35.92,35.83,35.87,35.80,35.78,35.88,0.00,92.05,92.46,89.99,100091.00,A,-1.71,11.34,-2.26,0.09,7.37,48669.00,4341.00,5768.44
35.98,35.89,35.95,35.84,35.82,35.96,0.00,92.01,92.38,89.97,100091.00,A,-1.74,11.00,-0.21,0.09,9.05,48649.00,4356.00,5769.23
36.04,35.96,36.01,35.91,35.88,36.04,0.00,92.00,92.35,89.94,100093.00,A,-1.57,10.67,1.25,0.08,10.35,48793.00,4362.00,5776.37
36.10,36.01,36.05,35.98,35.95,36.08,0.00,91.96,92.29,89.89,100093.00,A,-1.68,10.34,-0.80,0.08,7.87,49135.00,4372.00,5780.94
36.16,36.07,36.13,36.02,36.02,36.14,0.00,91.91,92.24,89.86,100091.00,A,-1.66,10.01,0.08,0.08,8.43,49283.00,4380.00,5787.32
36.22,36.12,36.15,36.05,36.04,36.23,0.00,91.89,92.20,89.82,100092.00,A,-1.97,9.65,-2.26,0.10,5.42,49479.00,4391.00,5793.70
36.28,36.21,36.27,36.16,36.13,36.27,0.00,91.86,92.13,89.79,100092.00,A,-1.41,9.31,4.18,0.07,12.08,49766.00,4414.00,5793.50
36.34,36.24,36.30,36.20,36.16,36.30,0.00,91.81,92.09,89.75,100089.00,A,-1.87,8.98,-3.43,0.09,3.68,50182.00,4445.00,5811.14
36.40,36.31,36.36,36.23,36.25,36.40,0.00,91.79,92.06,89.71,100093.00,A,-1.74,8.62,0.96,0.09,7.84,50302.00,4451.00,5820.00
36.46,36.38,36.41,36.34,36.30,36.45,0.00,91.73,91.97,89.66,100093.00,A,-1.61,8.29,0.96,0.08,7.64,50478.00,4452.00,5822.01
36.52,36.44,36.52,36.37,36.34,36.52,0.00,91.71,91.92,89.63,100092.00,A,-1.60,7.96,0.08,0.08,6.45,50735.00,4461.00,5822.82
36.58,36.49,36.57,36.42,36.42,36.53,0.00,91.65,91.88,89.57,100094.00,A,-1.82,7.62,-1.68,0.09,4.12,51228.00,4505.00,5831.71
36.64,36.55,36.59,36.52,36.48,36.60,0.00,91.58,91.81,89.54,100089.00,A,-1.81,7.26,0.08,0.09,5.53,51644.00,4517.00,5848.97
36.70,36.60,36.68,36.55,36.49,36.66,0.00,91.55,91.75,89.48,100092.00,A,-2.00,6.88,-1.38,0.10,3.50,51873.00,4520.00,5854.88
36.76,36.66,36.70,36.59,36.63,36.72,0.00,91.51,91.71,89.43,100095.00,A,-1.95,6.48,0.37,0.10,4.91,51945.00,4521.00,5879.06
36.82,36.76,36.83,36.71,36.66,36.84,0.00,91.46,91.66,89.38,100094.00,A,-1.15,6.17,5.94,0.06,10.96,52373.00,4542.00,5876.80
36.88,36.81,36.89,36.77,36.71,36.87,0.00,91.40,91.57,89.31,100095.00,A,-1.34,5.92,-1.38,0.07,3.20,52895.00,4584.00,5900.12
36.94,36.86,36.92,36.81,36.80,36.89,0.00,91.32,91.52,89.25,100094.00,A,-1.64,5.63,-2.26,0.08,1.72,53270.00,4614.00,5920.91
37.00,36.90,36.96,36.82,36.84,36.97,0.00,91.27,91.43,89.19,100095.00,A,-2.02,5.26,-2.85,0.10,0.39,53768.00,4632.00,5934.72
37.06,36.97,37.06,36.92,36.88,37.03,0.00,91.21,91.35,89.12,100096.00,A,-1.66,4.89,2.72,0.08,5.95,54120.00,4653.00,5959.98
37.12,37.07,37.14,37.01,37.02,37.13,0.00,91.14,91.28,89.06,100090.00,A,-0.87,4.64,5.94,0.04,9.72,54399.00,4672.00,5961.46
37.18,37.13,37.20,37.07,37.06,37.20,0.00,91.07,91.21,88.96,100093.00,A,-0.89,4.47,-0.21,0.04,3.36,54788.00,4708.00,5988.88
37.24,37.18,37.23,37.16,37.08,37.25,0.00,91.00,91.13,88.89,100093.00,A,-1.12,4.26,-1.68,0.06,1.47,55347.00,4745.00,6005.15
37.30,37.23,37.30,37.19,37.16,37.27,0.00,90.92,91.02,88.82,100092.00,A,-1.34,4.02,-1.68,0.07,1.00,55478.00,4774.00,6017.62
37.36,37.28,37.36,37.22,37.20,37.32,0.00,90.84,90.90,88.75,100094.00,A,-1.64,3.72,-2.26,0.08,-0.18,55678.00,4785.00,6046.86
37.42,37.34,37.41,37.32,37.25,37.40,0.00,90.75,90.85,88.67,100094.00,A,-1.47,3.41,1.25,0.07,3.19,55840.00,4800.00,6069.36
37.48,37.42,37.45,37.38,37.35,37.49,0.00,90.67,90.72,88.58,100098.00,A,-1.19,3.14,2.13,0.06,4.08,56048.00,4822.00,6076.61
37.54,37.48,37.52,37.44,37.43,37.54,0.00,90.55,90.67,88.48,100094.00,A,-1.10,2.91,0.67,0.06,2.48,56325.00,4849.00,6105.09
37.60,37.56,37.60,37.53,37.47,37.65,0.00,90.47,90.55,88.39,100093.00,A,-0.70,2.73,3.01,0.03,5.04,56826.00,4892.00,6132.95
37.66,37.62,37.66,37.58,37.55,37.66,0.00,90.36,90.46,88.30,100093.00,A,-0.85,2.58,-1.09,0.04,0.64,57352.00,4944.00,6164.46
37.72,37.64,37.67,37.60,37.59,37.72,0.00,90.23,90.35,88.20,100094.00,A,-1.46,2.35,-4.61,0.07,-3.72,57729.00,4997.00,6197.43
37.78,37.70,37.72,37.70,37.63,37.76,0.00,90.16,90.24,88.11,100094.00,A,-1.49,2.05,-0.21,0.07,0.35,57766.00,5041.00,6230.53
37.84,37.80,37.83,37.76,37.72,37.88,0.00,90.06,90.12,88.00,100092.00,A,-0.81,1.82,5.06,0.04,6.07,58150.00,5074.00,6271.93
37.90,37.86,37.88,37.83,37.78,37.95,0.00,89.92,89.98,87.88,100092.00,A,-0.76,1.67,0.37,0.04,1.28,58529.00,5099.00,6323.40
37.94,37.91,37.92,37.88,37.83,37.99,0.00,89.79,89.86,87.74,100090.00,A,-0.63,1.53,1.03,0.03,1.93,59759.00,5108.00,6390.75
37.94,37.97,37.97,37.94,37.91,38.07,0.00,89.66,89.76,87.58,100093.00,A,0.66,1.53,9.67,-0.03,11.86,60464.00,5113.00,6453.10
37.94,38.02,38.02,37.99,37.95,38.12,0.00,89.50,89.61,87.44,100090.00,A,1.64,1.76,7.32,-0.08,10.73,60725.00,5119.00,6484.73
37.94,38.04,38.02,38.02,37.98,38.16,0.00,89.36,89.45,87.29,100093.00,A,2.15,2.14,3.81,-0.11,8.10,60909.00,5121.00,6521.23
37.94,38.03,38.00,38.02,38.00,38.11,0.00,89.19,89.29,87.13,100095.00,H,1.87,2.54,-2.05,-0.09,2.37,60911.00,5120.00,6530.10
37.94,38.02,37.99,38.00,38.00,38.09,0.00,88.98,89.11,86.98,100095.00,H,1.68,2.90,-1.46,-0.08,3.11,60948.00,5121.00,6528.84
37.94,38.02,37.97,38.03,38.01,38.09,0.00,88.77,88.90,86.76,100090.00,H,1.72,3.24,0.29,-0.09,5.25,60735.00,5118.00,6534.42
37.94,38.07,38.03,38.05,38.05,38.14,0.00,88.54,88.67,86.53,100091.00,H,2.58,3.67,6.45,-0.13,12.69,60783.00,5123.00,6552.26
37.94,38.10,38.04,38.08,38.11,38.16,0.00,88.32,88.45,86.28,100092.00,H,3.20,4.25,4.69,-0.16,12.14,60883.00,5121.00,6561.99
37.94,38.09,38.03,38.08,38.09,38.16,0.00,88.09,88.17,86.01,100091.00,H,3.05,4.87,-1.17,-0.15,6.75,60972.00,5124.00,6555.84
37.90,38.07,38.02,38.05,38.08,38.13,0.00,87.81,87.92,85.75,100098.00,D,3.42,5.52,2.78,-0.17,11.71,60899.00,5123.00,6554.31
37.86,38.05,37.98,38.03,38.09,38.11,0.00,87.55,87.67,85.51,100097.00,D,3.90,6.25,3.66,-0.20,13.81,60909.00,5123.00,6553.54
37.82,38.03,37.95,38.02,38.07,38.08,0.00,87.32,87.38,85.26,100094.00,D,4.24,7.06,2.48,-0.21,13.78,61004.00,5123.00,6553.80
37.78,37.99,37.91,37.97,38.03,38.04,0.00,87.09,87.12,85.06,100096.00,D,4.22,7.91,-0.15,-0.21,11.97,61008.00,5122.00,6553.80
37.74,37.95,37.88,37.93,38.02,37.99,0.00,86.84,86.82,84.86,100091.00,D,4.31,8.76,0.73,-0.22,13.80,61020.00,5123.00,6552.52
37.70,37.92,37.85,37.90,37.97,37.96,0.00,86.62,86.59,84.68,100092.00,D,4.45,9.64,1.02,-0.22,15.11,61091.00,5121.00,6552.77
37.66,37.88,37.77,37.84,37.94,37.95,0.00,86.41,86.36,84.51,100095.00,D,4.35,10.52,-0.74,-0.22,14.13,61047.00,5125.00,6551.75
37.62,37.83,37.74,37.81,37.91,37.84,0.00,86.20,86.13,84.34,100096.00,D,4.17,11.37,-1.32,-0.21,14.22,61054.00,5122.00,6547.67
37.58,37.79,37.72,37.77,37.85,37.80,0.00,86.00,85.96,84.20,100093.00,D,4.15,12.20,-0.15,-0.21,16.20,61059.00,5120.00,6535.44
37.54,37.73,37.68,37.70,37.77,37.76,0.00,85.82,85.78,84.08,100093.00,D,3.78,13.00,-2.79,-0.19,13.99,61120.00,5120.00,6518.20
37.50,37.67,37.56,37.67,37.73,37.72,0.00,85.68,85.60,83.97,100091.00,D,3.49,13.72,-2.20,-0.17,15.01,61132.00,5119.00,6520.22
37.46,37.63,37.56,37.63,37.69,37.66,0.00,85.56,85.50,83.87,100095.00,D,3.55,14.43,0.43,-0.18,18.41,61131.00,5120.00,6519.97
37.42,37.60,37.53,37.57,37.66,37.63,0.00,85.43,85.37,83.79,100095.00,D,3.60,15.14,0.43,-0.18,19.18,61116.00,5121.00,6519.46
37.38,37.56,37.48,37.52,37.63,37.60,0.00,85.28,85.27,83.73,100093.00,D,3.58,15.86,-0.15,-0.18,19.29,61116.00,5121.00,6518.45
37.34,37.50,37.43,37.51,37.55,37.50,0.00,85.20,85.20,83.68,100098.00,D,3.17,16.53,-3.08,-0.16,16.63,61091.00,5118.00,6519.46
37.30,37.41,37.32,37.40,37.48,37.42,0.00,85.14,85.13,83.64,100092.00,D,2.18,17.07,-7.48,-0.11,11.77,61076.00,5117.00,6498.53
37.26,37.37,37.29,37.34,37.45,37.39,0.00,85.10,85.06,83.62,100096.00,D,2.19,17.51,0.14,-0.11,19.84,61012.00,5121.00,6493.76
37.22,37.32,37.27,37.31,37.38,37.32,0.00,85.01,85.06,83.59,100096.00,D,2.10,17.94,-0.74,-0.10,19.29,60984.00,5117.00,6486.74
37.18,37.29,37.27,37.26,37.35,37.30,0.00,84.98,85.04,83.56,100103.00,D,2.35,18.38,1.90,-0.12,22.63,60967.00,5115.00,6486.24
37.14,37.26,37.20,37.25,37.33,37.27,0.00,84.96,85.02,83.56,100100.00,D,2.48,18.86,1.02,-0.12,22.37,60964.00,5115.00,6486.49
37.10,37.21,37.14,37.21,37.25,37.24,0.00,84.95,85.02,83.55,100099.00,D,2.27,19.34,-1.62,-0.11,19.99,60910.00,5114.00,6470.50
37.06,37.14,37.08,37.15,37.20,37.15,0.00,84.94,85.06,83.57,100099.00,D,1.70,19.74,-4.25,-0.09,17.18,60850.00,5113.00,6462.04
37.02,37.08,37.03,37.05,37.16,37.08,0.00,84.95,85.04,83.59,100098.00,D,1.25,20.03,-3.37,-0.06,17.91,60822.00,5111.00,6453.35
36.98,37.04,37.01,37.02,37.09,37.05,0.00,84.97,85.09,83.62,100099.00,D,1.31,20.29,0.43,-0.07,22.03,60788.00,5109.00,6453.60
36.94,36.98,36.93,36.97,37.03,36.99,0.00,84.97,85.11,83.65,100096.00,D,0.86,20.50,-3.37,-0.04,17.99,60782.00,5109.00,6451.37
36.90,36.94,36.88,36.91,36.99,36.96,0.00,85.00,85.13,83.67,100100.00,D,0.80,20.67,-0.45,-0.04,21.03,60796.00,5105.00,6451.37
36.86,36.90,36.86,36.90,36.94,36.91,0.00,85.04,85.20,83.71,100095.00,D,0.90,20.84,0.73,-0.04,22.46,60831.00,5107.00,6451.12
36.82,36.86,36.81,36.84,36.90,36.88,0.00,85.08,85.26,83.74,100096.00,D,0.76,21.01,-1.03,-0.04,20.73,60797.00,5107.00,6418.83
36.78,36.81,36.76,36.78,36.88,36.83,0.00,85.12,85.34,83.79,100098.00,D,0.66,21.15,-0.74,-0.03,21.07,60742.00,5104.00,6418.34
36.74,36.75,36.70,36.73,36.81,36.77,0.00,85.18,85.39,83.83,100096.00,D,0.29,21.24,-2.79,-0.01,18.74,60692.00,5103.00,6417.60
36.70,36.71,36.66,36.70,36.74,36.74,0.00,85.21,85.45,83.88,100096.00,D,0.27,21.30,-0.15,-0.01,21.42,60671.00,5102.00,6418.58
36.66,36.69,36.66,36.65,36.74,36.70,0.00,85.28,85.53,83.94,100097.00,D,0.60,21.39,2.48,-0.03,24.47,60615.00,5102.00,6418.34
36.62,36.66,36.62,36.64,36.70,36.68,0.00,85.36,85.59,83.99,100098.00,D,0.81,21.53,1.61,-0.04,23.95,60590.00,5098.00,6401.22
36.58,36.62,36.57,36.63,36.63,36.65,0.00,85.41,85.67,84.04,100097.00,D,0.79,21.69,-0.15,-0.04,22.33,60523.00,5095.00,6386.62
36.54,36.56,36.52,36.52,36.59,36.59,0.00,85.45,85.76,84.10,100097.00,D,0.38,21.81,-3.08,-0.02,19.11,60435.00,5096.00,6380.55
36.50,36.53,36.49,36.51,36.55,36.55,0.00,85.55,85.83,84.16,100096.00,D,0.56,21.90,1.31,-0.03,23.77,60412.00,5093.00,6370.15
36.46,36.49,36.46,36.46,36.49,36.53,0.00,85.59,85.88,84.23,100099.00,D,0.58,22.01,0.14,-0.03,22.73,60338.00,5091.00,6369.19
36.42,36.45,36.42,36.41,36.48,36.47,0.00,85.67,85.98,84.29,100098.00,D,0.56,22.13,-0.15,-0.03,22.53,60297.00,5090.00,6353.05
36.38,36.41,36.40,36.37,36.43,36.43,0.00,85.75,86.07,84.36,100096.00,D,0.58,22.24,0.14,-0.03,22.96,60285.00,5087.00,6353.05
36.34,36.37,36.37,36.34,36.38,36.39,0.00,85.81,86.14,84.43,100096.00,D,0.63,22.36,0.43,-0.03,23.43,60191.00,5086.00,6352.57
36.30,36.34,36.31,36.30,36.36,36.38,0.00,85.90,86.26,84.50,100098.00,D,0.85,22.51,1.61,-0.04,24.96,60110.00,5084.00,6354.49
36.26,36.31,36.30,36.27,36.34,36.34,0.00,85.96,86.32,84.58,100097.00,D,1.02,22.70,1.31,-0.05,25.03,60034.00,5084.00,6353.05
36.22,36.27,36.24,36.24,36.30,36.30,0.00,86.05,86.42,84.65,100092.00,D,1.04,22.90,0.14,-0.05,24.09,59958.00,5078.00,6345.13
36.18,36.23,36.19,36.23,36.27,36.25,0.00,86.13,86.50,84.73,100095.00,D,1.10,23.12,0.43,-0.05,24.65,59907.00,5079.00,6320.78
36.14,36.17,36.16,36.15,36.20,36.19,0.00,86.20,86.60,84.81,100097.00,D,0.73,23.30,-2.79,-0.04,21.24,59822.00,5078.00,6318.16
36.10,36.15,36.14,36.13,36.16,36.16,0.00,86.30,86.68,84.88,100097.00,D,1.02,23.47,2.19,-0.05,26.69,59803.00,5075.00,6319.35
36.06,36.11,36.08,36.09,36.14,36.14,0.00,86.37,86.75,84.96,100095.00,D,1.08,23.68,0.43,-0.05,25.20,59800.00,5068.00,6319.12
36.02,36.05,36.03,36.02,36.09,36.08,0.00,86.45,86.85,85.05,100094.00,D,0.74,23.87,-2.50,-0.04,22.12,59746.00,5064.00,6300.39
35.98,36.03,36.00,36.01,36.06,36.06,0.00,86.54,86.97,85.12,100095.00,D,1.11,24.05,2.78,-0.06,27.94,59753.00,5061.00,6290.01
35.94,35.99,35.98,35.96,36.02,36.01,0.00,86.61,87.06,85.20,100094.00,D,1.06,24.27,-0.45,-0.05,24.88,59683.00,5059.00,6289.31
35.90,35.94,35.94,35.90,35.96,35.98,0.00,86.70,87.15,85.28,100097.00,D,0.92,24.47,-1.03,-0.05,24.35,59672.00,5056.00,6289.07
35.86,35.90,35.90,35.85,35.94,35.91,0.00,86.78,87.26,85.37,100093.00,D,0.86,24.64,-0.45,-0.04,25.06,59615.00,5054.00,6286.25
35.82,35.86,35.84,35.84,35.88,35.88,0.00,86.87,87.33,85.46,100095.00,D,0.84,24.81,-0.15,-0.04,25.50,59625.00,5050.00,6273.10
35.78,35.83,35.84,35.78,35.84,35.85,0.00,86.97,87.43,85.54,100092.00,D,0.97,25.00,1.02,-0.05,26.99,59591.00,5045.00,6265.38
35.74,35.77,35.79,35.74,35.79,35.77,0.00,87.03,87.53,85.63,100096.00,D,0.68,25.16,-2.20,-0.03,23.64,59459.00,5043.00,6259.55
35.70,35.75,35.75,35.73,35.76,35.77,0.00,87.12,87.62,85.71,100092.00,D,1.05,25.33,2.78,-0.05,29.16,59405.00,5037.00,6258.85
35.66,35.73,35.70,35.70,35.75,35.77,0.00,87.23,87.71,85.80,100096.00,D,1.42,25.58,2.78,-0.07,29.78,59315.00,5032.00,6247.44
35.62,35.70,35.70,35.67,35.70,35.71,0.00,87.28,87.80,85.89,100093.00,D,1.56,25.88,1.02,-0.08,28.46,59267.00,5030.00,6242.80
35.58,35.64,35.65,35.60,35.67,35.64,0.00,87.38,87.90,85.98,100093.00,D,1.26,26.16,-2.20,-0.06,25.22,59193.00,5023.00,6227.53
35.54,35.61,35.60,35.58,35.64,35.62,0.00,87.47,88.00,86.08,100096.00,D,1.44,26.43,1.31,-0.07,29.18,58994.00,5014.00,6228.22
35.50,35.57,35.56,35.54,35.60,35.59,0.00,87.56,88.09,86.17,100092.00,D,1.50,26.73,0.43,-0.07,28.66,58906.00,5010.00,6228.91
35.46,35.51,35.51,35.50,35.55,35.48,0.00,87.63,88.17,86.26,100092.00,D,1.01,26.98,-3.67,-0.05,24.32,58824.00,5007.00,6226.60
35.42,35.46,35.48,35.45,35.48,35.43,0.00,87.73,88.28,86.36,100096.00,D,0.79,27.16,-1.62,-0.04,26.33,58741.00,4999.00,6213.02
35.38,35.43,35.45,35.41,35.43,35.42,0.00,87.81,88.39,86.45,100095.00,D,0.97,27.33,1.31,-0.05,29.61,58510.00,4993.00,6211.87
35.34,35.41,35.41,35.41,35.42,35.39,0.00,87.93,88.48,86.53,100092.00,D,1.42,27.57,3.36,-0.07,32.35,58363.00,4985.00,6203.15
35.30,35.38,35.38,35.38,35.41,35.38,0.00,88.01,88.56,86.62,100091.00,D,1.75,27.89,2.48,-0.09,32.12,58249.00,4977.00,6195.60
35.26,35.32,35.31,35.27,35.36,35.35,0.00,88.07,88.67,86.72,100091.00,D,1.34,28.19,-3.08,-0.07,26.45,58214.00,4971.00,6201.09
35.22,35.26,35.25,35.24,35.30,35.23,0.00,88.17,88.76,86.83,100092.00,D,0.77,28.40,-4.25,-0.04,24.92,58100.00,4968.00,6196.52
35.18,35.21,35.23,35.20,35.19,35.23,0.00,88.25,88.87,86.95,100091.00,D,0.67,28.55,-0.74,-0.03,28.48,58017.00,4959.00,6191.49
35.14,35.18,35.21,35.13,35.18,35.21,0.00,88.35,88.96,87.03,100092.00,D,0.88,28.70,1.61,-0.04,31.19,57935.00,4954.00,6195.83
35.10,35.17,35.20,35.11,35.16,35.20,0.00,88.43,89.04,87.13,100090.00,D,1.37,28.93,3.66,-0.07,33.96,57750.00,4948.00,6196.75
35.06,35.12,35.16,35.07,35.12,35.12,0.00,88.51,89.14,87.21,100095.00,D,1.16,29.18,-1.62,-0.06,28.72,57746.00,4942.00,6184.66
35.02,35.07,35.13,35.03,35.06,35.07,0.00,88.60,89.24,87.32,100090.00,D,1.10,29.41,-0.45,-0.05,30.06,57643.00,4932.00,6184.66
34.98,35.02,35.04,34.99,35.02,35.02,0.00,88.70,89.32,87.42,100095.00,D,0.84,29.60,-1.91,-0.04,28.53,57648.00,4926.00,6181.24
34.94,34.98,35.02,34.95,34.95,34.99,0.00,88.79,89.42,87.53,100094.00,D,0.82,29.77,-0.15,-0.04,30.44,57607.00,4918.00,6175.34
34.90,34.94,34.96,34.91,34.93,34.95,0.00,88.86,89.53,87.61,100096.00,D,0.76,29.93,-0.45,-0.04,30.24,57461.00,4911.00,6170.57
34.86,34.93,34.95,34.90,34.93,34.95,0.00,88.96,89.60,87.71,100093.00,D,1.48,30.15,5.41,-0.07,37.05,57284.00,4901.00,6168.76
34.82,34.91,34.91,34.87,34.91,34.95,0.00,89.05,89.71,87.79,100095.00,D,1.89,30.49,3.07,-0.09,35.45,57305.00,4892.00,6167.63
34.78,34.84,34.82,34.80,34.86,34.87,0.00,89.11,89.79,87.88,100094.00,D,1.17,30.79,-5.43,-0.06,26.54,57144.00,4881.00,6165.82
34.74,34.78,34.76,34.74,34.80,34.80,0.00,89.19,89.85,87.97,100097.00,D,0.76,30.99,-3.08,-0.04,28.67,57002.00,4873.00,6166.95
34.70,34.72,34.73,34.67,34.73,34.75,0.00,89.27,89.94,88.07,100096.00,D,0.47,31.11,-2.20,-0.02,29.37,56827.00,4862.00,6165.59
34.66,34.71,34.70,34.70,34.73,34.73,0.00,89.34,90.03,88.16,100093.00,D,1.11,31.27,4.83,-0.06,37.21,56720.00,4855.00,6164.69
34.62,34.69,34.69,34.66,34.70,34.72,0.00,89.44,90.12,88.24,100095.00,D,1.48,31.53,2.78,-0.07,35.78,56690.00,4849.00,6165.36
34.58,34.66,34.65,34.63,34.68,34.70,0.00,89.52,90.19,88.31,100092.00,D,1.73,31.85,1.90,-0.09,35.48,56548.00,4837.00,6165.36
34.54,34.62,34.59,34.60,34.63,34.65,0.00,89.61,90.27,88.41,100088.00,D,1.63,32.18,-0.74,-0.08,33.08,56357.00,4830.00,6151.82
34.50,34.57,34.56,34.50,34.59,34.62,0.00,89.66,90.35,88.50,100089.00,D,1.42,32.49,-1.62,-0.07,32.29,56200.00,4825.00,6150.47
34.46,34.49,34.48,34.45,34.52,34.52,0.00,89.74,90.45,88.61,100093.00,D,0.73,32.71,-5.13,-0.04,28.31,56063.00,4815.00,6154.75
34.42,34.44,34.42,34.41,34.45,34.47,0.00,89.81,90.52,88.70,100090.00,D,0.36,32.81,-2.79,-0.02,30.39,56058.00,4805.00,6154.07
34.38,34.39,34.40,34.33,34.41,34.41,0.00,89.87,90.60,88.77,100093.00,D,0.19,32.87,-1.32,-0.01,31.73,56078.00,4798.00,6139.23
34.34,34.38,34.40,34.33,34.38,34.41,0.00,89.96,90.69,88.85,100092.00,D,0.83,32.97,4.83,-0.04,38.63,55880.00,4789.00,6137.43
34.30,34.38,34.40,34.32,34.39,34.41,0.00,90.01,90.76,88.92,100094.00,D,1.63,33.22,6.00,-0.08,40.85,55662.00,4777.00,6137.21
34.26,34.34,34.34,34.32,34.35,34.36,0.00,90.07,90.81,89.00,100094.00,D,1.73,33.55,0.73,-0.09,36.01,55356.00,4768.00,6135.19
34.22,34.29,34.29,34.27,34.32,34.28,0.00,90.17,90.89,89.08,100091.00,D,1.43,33.87,-2.20,-0.07,33.10,55050.00,4752.00,6134.75
34.18,34.24,34.21,34.21,34.28,34.25,0.00,90.20,90.97,89.17,100090.00,D,1.22,34.13,-1.62,-0.06,33.73,54856.00,4745.00,6135.19
34.14,34.17,34.17,34.11,34.23,34.16,0.00,90.28,91.04,89.26,100093.00,D,0.57,34.31,-4.84,-0.03,30.05,54725.00,4739.00,6135.19
34.10,34.14,34.14,34.07,34.16,34.17,0.00,90.36,91.10,89.33,100095.00,D,0.79,34.45,1.61,-0.04,36.84,54424.00,4727.00,6124.23
34.06,34.10,34.08,34.05,34.13,34.16,0.00,90.41,91.18,89.40,100092.00,D,0.92,34.62,1.02,-0.05,36.56,54425.00,4722.00,6121.11
34.02,34.08,34.07,34.05,34.08,34.12,0.00,90.48,91.25,89.47,100090.00,D,1.25,34.84,2.48,-0.06,38.57,54488.00,4714.00,6123.34
33.98,34.04,34.03,34.00,34.04,34.07,0.00,90.53,91.31,89.54,100091.00,D,1.15,35.08,-0.74,-0.06,35.49,54437.00,4702.00,6109.54
33.94,34.00,33.99,33.95,33.98,34.06,0.00,90.60,91.37,89.61,100093.00,D,1.17,35.31,0.14,-0.06,36.63,54418.00,4694.00,6105.09
33.90,33.95,33.93,33.91,33.95,34.00,0.00,90.67,91.42,89.69,100090.00,D,0.96,35.52,-1.62,-0.05,34.86,54303.00,4681.00,6105.76
33.86,33.88,33.85,33.84,33.92,33.92,0.00,90.70,91.51,89.76,100090.00,D,0.55,35.67,-3.08,-0.03,33.14,54258.00,4657.00,6104.21
33.82,33.85,33.84,33.80,33.88,33.88,0.00,90.79,91.56,89.83,100089.00,D,0.72,35.80,1.31,-0.04,37.84,54133.00,4644.00,6097.12
33.82,33.85,33.84,33.83,33.85,33.87,0.00,90.81,91.60,89.91,100094.00,H,0.61,35.93,-0.88,-0.03,35.66,53889.00,4633.00,6090.71
33.82,33.84,33.83,33.84,33.83,33.86,0.00,90.90,91.66,89.97,100090.00,H,0.45,36.04,-1.17,-0.02,35.32,53619.00,4622.00,6083.21
33.82,33.82,33.82,33.84,33.84,33.80,0.00,90.93,91.73,90.03,100092.00,H,0.14,36.10,-2.34,-0.01,33.89,53276.00,4597.00,6078.15
33.82,33.81,33.80,33.83,33.83,33.80,0.00,91.01,91.79,90.09,100093.00,H,-0.10,36.10,-1.76,0.00,34.25,52906.00,4579.00,6076.17
33.82,33.81,33.80,33.77,33.84,33.83,0.00,91.04,91.85,90.15,100092.00,H,-0.14,36.08,-0.29,0.01,35.65,52720.00,4570.00,6063.23
33.82,33.78,33.77,33.73,33.80,33.84,0.00,91.10,91.89,90.22,100090.00,H,-0.68,36.00,-4.10,0.03,31.21,52598.00,4552.00,6052.31
33.82,33.76,33.73,33.72,33.77,33.80,0.00,91.15,91.94,90.28,100089.00,H,-1.23,35.80,-4.10,0.06,30.47,52491.00,4538.00,6047.73
33.82,33.75,33.72,33.70,33.75,33.84,0.00,91.19,92.01,90.33,100091.00,H,-1.27,35.55,-0.29,0.06,33.99,52431.00,4527.00,6047.30
33.82,33.78,33.73,33.70,33.80,33.88,0.00,91.26,92.05,90.38,100091.00,H,-0.84,35.34,3.22,0.04,37.73,52366.00,4511.00,6048.60
33.82,33.77,33.71,33.71,33.78,33.86,0.00,91.32,92.11,90.43,100090.00,H,-1.04,35.16,-1.46,0.05,32.66,52384.00,4504.00,6041.21
33.82,33.72,33.69,33.65,33.75,33.80,0.00,91.32,92.15,90.47,100089.00,H,-1.93,34.86,-6.74,0.10,26.19,52307.00,4496.00,6018.92
33.86,33.70,33.66,33.65,33.71,33.76,0.00,91.39,92.20,90.54,100089.00,A,-3.24,34.34,-9.81,0.16,21.29,52196.00,4486.00,6018.70
33.90,33.72,33.71,33.66,33.70,33.80,0.00,91.46,92.26,90.58,100093.00,A,-3.53,33.66,-2.19,0.18,27.94,52081.00,4476.00,6017.41
33.94,33.77,33.77,33.70,33.78,33.81,0.00,91.47,92.29,90.61,100089.00,A,-3.44,32.97,0.74,0.17,30.27,52069.00,4468.00,6006.22
33.98,33.80,33.80,33.77,33.80,33.84,0.00,91.53,92.37,90.62,100088.00,A,-3.45,32.28,-0.14,0.17,28.68,51958.00,4467.00,6005.36
34.02,33.85,33.84,33.84,33.82,33.91,0.00,91.59,92.37,90.65,100088.00,A,-3.28,31.60,1.32,0.16,29.65,51645.00,4450.00,5991.23
34.06,33.93,33.94,33.88,33.91,33.97,0.00,91.65,92.44,90.68,100090.00,A,-2.63,31.01,4.84,0.13,33.22,51424.00,4438.00,5988.66
34.10,33.96,33.97,33.94,33.93,33.98,0.00,91.66,92.50,90.69,100086.00,A,-2.85,30.47,-1.61,0.14,26.01,51228.00,4429.00,5990.59
34.14,33.96,33.98,33.93,33.92,33.99,0.00,91.71,92.52,90.73,100089.00,A,-3.61,29.82,-5.71,0.18,20.51,50951.00,4421.00,5990.80
34.18,33.97,33.98,33.93,33.96,34.02,0.00,91.75,92.54,90.77,100092.00,A,-4.06,29.05,-3.36,0.20,21.63,50899.00,4419.00,5985.25
34.22,34.02,34.02,34.05,33.97,34.05,0.00,91.80,92.59,90.79,100089.00,A,-3.88,28.26,1.32,0.19,25.70,50854.00,4416.00,5976.31
34.26,34.09,34.13,34.07,34.03,34.12,0.00,91.82,92.62,90.79,100089.00,A,-3.39,27.53,3.67,0.17,27.81,50829.00,4415.00,5967.60
34.30,34.14,34.18,34.08,34.08,34.22,0.00,91.89,92.66,90.79,100089.00,A,-3.17,26.88,1.62,0.16,25.32,50863.00,4419.00,5961.89
34.34,34.18,34.23,34.14,34.09,34.25,0.00,91.90,92.69,90.81,100090.00,A,-3.19,26.24,-0.14,0.16,22.91,50844.00,4419.00,5962.52
34.38,34.21,34.24,34.20,34.14,34.24,0.00,91.93,92.71,90.82,100087.00,A,-3.45,25.58,-1.90,0.17,20.23,50710.00,4407.00,5959.77
34.42,34.26,34.30,34.20,34.23,34.31,0.00,91.96,92.72,90.84,100090.00,A,-3.15,24.92,2.20,0.16,23.97,50707.00,4406.00,5961.25
34.46,34.31,34.34,34.26,34.27,34.38,0.00,91.99,92.73,90.85,100090.00,A,-2.94,24.31,1.62,0.15,22.99,50644.00,4405.00,5962.10
34.50,34.36,34.38,34.30,34.33,34.45,0.00,92.03,92.76,90.85,100089.00,A,-2.68,23.74,1.91,0.13,22.97,50593.00,4401.00,5952.59
34.54,34.42,34.41,34.36,34.41,34.52,0.00,92.06,92.76,90.86,100090.00,A,-2.31,23.25,2.79,0.12,23.72,50612.00,4401.00,5950.27
34.58,34.47,34.45,34.44,34.45,34.54,0.00,92.07,92.79,90.86,100087.00,A,-2.21,22.79,0.74,0.11,21.32,50516.00,4397.00,5947.74
34.62,34.50,34.52,34.45,34.48,34.55,0.00,92.09,92.79,90.87,100089.00,A,-2.31,22.34,-0.73,0.12,19.30,50488.00,4400.00,5952.59
34.66,34.54,34.54,34.50,34.52,34.58,0.00,92.10,92.81,90.87,100091.00,A,-2.45,21.87,-1.02,0.12,18.40,50591.00,4401.00,5942.06
34.70,34.57,34.56,34.53,34.55,34.65,0.00,92.12,92.82,90.88,100090.00,A,-2.46,21.37,-0.14,0.12,18.77,50614.00,4401.00,5938.49
34.74,34.63,34.63,34.61,34.59,34.71,0.00,92.17,92.85,90.88,100090.00,A,-2.05,20.92,3.08,0.10,21.95,50610.00,4404.00,5935.98
34.78,34.71,34.76,34.66,34.67,34.75,0.00,92.18,92.84,90.88,100090.00,A,-1.37,20.58,5.13,0.07,24.34,50636.00,4406.00,5933.88
34.82,34.75,34.79,34.71,34.70,34.80,0.00,92.17,92.85,90.86,100085.00,A,-1.35,20.31,0.15,0.07,19.11,50599.00,4410.00,5933.67
34.86,34.78,34.81,34.73,34.76,34.83,0.00,92.20,92.84,90.87,100089.00,A,-1.48,20.03,-1.02,0.07,17.52,50595.00,4411.00,5933.04
34.90,34.80,34.81,34.75,34.79,34.84,0.00,92.19,92.83,90.87,100091.00,A,-1.97,19.68,-3.66,0.10,14.05,50597.00,4412.00,5932.20
34.94,34.85,34.88,34.77,34.81,34.95,0.00,92.21,92.84,90.88,100092.00,A,-1.72,19.31,1.91,0.09,19.50,50717.00,4415.00,5934.51
34.98,34.92,34.96,34.90,34.84,34.99,0.00,92.22,92.82,90.88,100092.00,A,-1.11,19.03,4.55,0.06,22.46,50765.00,4422.00,5932.62
35.02,34.98,35.02,34.94,34.94,35.02,0.00,92.21,92.80,90.85,100091.00,A,-0.78,18.84,2.50,0.04,20.56,50791.00,4426.00,5933.25
35.06,35.00,35.04,34.96,34.95,35.04,0.00,92.23,92.78,90.85,100089.00,A,-1.23,18.64,-3.36,0.06,14.05,50891.00,4429.00,5934.51
35.10,35.04,35.05,34.99,35.02,35.09,0.00,92.24,92.80,90.85,100088.00,A,-1.21,18.40,0.15,0.06,17.34,50948.00,4428.00,5931.78
35.14,35.07,35.09,35.02,35.02,35.14,0.00,92.23,92.79,90.84,100089.00,A,-1.34,18.14,-1.02,0.07,15.78,50961.00,4434.00,5933.46
35.18,35.12,35.17,35.07,35.04,35.19,0.00,92.23,92.78,90.84,100091.00,A,-1.20,17.89,1.03,0.06,17.71,50993.00,4436.00,5932.41
35.22,35.19,35.23,35.15,35.13,35.24,0.00,92.23,92.78,90.83,100091.00,A,-0.64,17.70,4.25,0.03,21.32,51028.00,4439.00,5932.83
35.26,35.23,35.27,35.20,35.19,35.29,0.00,92.23,92.78,90.81,100090.00,A,-0.46,17.59,1.32,0.02,18.45,51137.00,4443.00,5932.83
35.30,35.25,35.30,35.20,35.20,35.30,0.00,92.22,92.72,90.81,100092.00,A,-0.95,17.45,-3.66,0.05,12.85,51226.00,4453.00,5932.62
35.34,35.29,35.33,35.23,35.26,35.34,0.00,92.20,92.70,90.79,100091.00,A,-0.97,17.26,-0.14,0.05,16.15,51320.00,4456.00,5932.41
35.38,35.33,35.38,35.28,35.28,35.38,0.00,92.22,92.70,90.79,100094.00,A,-0.95,17.07,0.15,0.05,16.27,51395.00,4462.00,5931.58
35.42,35.37,35.41,35.31,35.34,35.43,0.00,92.20,92.69,90.78,100092.00,A,-0.89,16.88,0.45,0.04,16.44,51431.00,4469.00,5930.95
35.46,35.41,35.44,35.34,35.39,35.48,0.00,92.18,92.66,90.76,100091.00,A,-0.91,16.70,-0.14,0.05,15.66,51560.00,4480.00,5931.58
35.50,35.46,35.48,35.42,35.42,35.54,0.00,92.20,92.64,90.74,100090.00,A,-0.65,16.55,1.91,0.03,17.81,51611.00,4489.00,5934.09
35.54,35.51,35.55,35.45,35.47,35.58,0.00,92.15,92.60,90.74,100090.00,A,-0.55,16.43,0.74,0.03,16.61,51684.00,4501.00,5933.88
35.58,35.53,35.55,35.48,35.51,35.59,0.00,92.14,92.55,90.71,100084.00,A,-0.88,16.28,-2.48,0.04,12.91,51865.00,4506.00,5937.02
35.62,35.59,35.60,35.54,35.55,35.65,0.00,92.13,92.58,90.70,100091.00,A,-0.63,16.13,1.91,0.03,17.41,51998.00,4514.00,5937.44
35.66,35.62,35.64,35.58,35.57,35.69,0.00,92.11,92.54,90.68,100089.00,A,-0.77,15.99,-1.02,0.04,14.21,52188.00,4529.00,5942.91
35.70,35.65,35.69,35.59,35.63,35.71,0.00,92.10,92.50,90.66,100090.00,A,-0.90,15.83,-1.02,0.05,13.90,52322.00,4542.00,5953.01
35.74,35.70,35.71,35.66,35.65,35.79,0.00,92.07,92.48,90.63,100088.00,A,-0.73,15.66,1.32,0.04,16.26,52436.00,4549.00,5950.06
35.78,35.73,35.74,35.70,35.68,35.81,0.00,92.06,92.47,90.61,100088.00,A,-0.90,15.50,-1.31,0.05,13.29,52582.00,4566.00,5952.59
35.82,35.76,35.79,35.70,35.73,35.82,0.00,92.01,92.42,90.58,100089.00,A,-1.11,15.30,-1.61,0.06,12.58,52610.00,4581.00,5960.41
35.86,35.81,35.82,35.78,35.78,35.84,0.00,92.00,92.40,90.56,100090.00,A,-1.02,15.09,0.74,0.05,14.81,52755.00,4600.00,5960.83
35.90,35.85,35.88,35.80,35.79,35.93,0.00,92.01,92.37,90.53,100090.00,A,-0.92,14.89,0.74,0.05,14.71,53081.00,4617.00,5960.41
35.94,35.90,35.94,35.84,35.88,35.95,0.00,91.96,92.33,90.50,100093.00,A,-0.74,14.73,1.32,0.04,15.31,53345.00,4625.00,5960.19
35.98,35.95,35.97,35.91,35.91,36.00,0.00,91.94,92.30,90.47,100093.00,A,-0.60,14.59,1.03,0.03,15.02,53640.00,4639.00,5978.22
36.02,35.97,35.98,35.92,35.95,36.04,0.00,91.90,92.24,90.45,100087.00,A,-0.94,14.44,-2.48,0.05,11.02,53749.00,4658.00,5987.60
36.06,36.00,36.04,35.94,35.99,36.05,0.00,91.88,92.22,90.42,100091.00,A,-1.07,14.24,-1.02,0.05,12.15,53939.00,4674.00,5989.52
36.10,36.03,36.05,35.99,36.01,36.08,0.00,91.86,92.20,90.41,100091.00,A,-1.29,14.00,-1.61,0.06,11.11,53990.00,4683.00,5988.88
36.14,36.07,36.07,36.03,36.04,36.15,0.00,91.81,92.14,90.37,100094.00,A,-1.30,13.74,-0.14,0.07,12.30,54117.00,4711.00,5990.16
36.18,36.11,36.12,36.05,36.08,36.19,0.00,91.78,92.11,90.33,100090.00,A,-1.36,13.48,-0.43,0.07,11.68,54167.00,4721.00,5997.00
36.22,36.17,36.19,36.16,36.13,36.21,0.00,91.72,92.06,90.29,100089.00,A,-0.95,13.25,3.08,0.05,15.38,54218.00,4735.00,6016.98
36.26,36.20,36.24,36.16,36.15,36.23,0.00,91.70,92.02,90.25,100091.00,A,-1.20,13.03,-1.90,0.06,9.93,54290.00,4747.00,6017.19
36.30,36.25,36.27,36.20,36.23,36.30,0.00,91.67,91.97,90.21,100092.00,A,-0.91,12.82,2.20,0.05,14.11,54649.00,4766.00,6020.64
36.34,36.28,36.29,36.21,36.27,36.35,0.00,91.61,91.92,90.17,100092.00,A,-1.16,12.61,-1.90,0.06,9.55,54706.00,4773.00,6038.60
36.38,36.31,36.33,36.27,36.26,36.38,0.00,91.57,91.88,90.14,100090.00,A,-1.34,12.36,-1.31,0.07,9.71,55097.00,4785.00,6045.99
36.42,36.37,36.41,36.31,36.33,36.44,0.00,91.57,91.84,90.09,100092.00,A,-0.89,12.14,3.37,0.04,14.62,55585.00,4806.00,6045.99
36.46,36.40,36.43,36.34,36.36,36.47,0.00,91.48,91.77,90.05,100091.00,A,-1.14,11.94,-1.90,0.06,8.90,55802.00,4825.00,6074.41
36.50,36.44,36.45,36.41,36.40,36.50,0.00,91.44,91.75,90.00,100091.00,A,-1.20,11.70,-0.43,0.06,10.07,56015.00,4831.00,6075.95
36.54,36.50,36.52,36.42,36.48,36.57,0.00,91.38,91.69,89.95,100090.00,A,-0.83,11.50,2.79,0.04,13.46,56167.00,4843.00,6076.17
36.58,36.52,36.53,36.48,36.48,36.59,0.00,91.33,91.62,89.90,100088.00,A,-1.16,11.30,-2.48,0.06,7.66,56288.00,4853.00,6075.29
36.62,36.58,36.62,36.54,36.52,36.64,0.00,91.29,91.58,89.86,100094.00,A,-0.75,11.11,3.08,0.04,13.44,56542.00,4860.00,6106.65
36.66,36.61,36.63,36.54,36.58,36.68,0.00,91.22,91.51,89.79,100091.00,A,-1.04,10.93,-2.19,0.05,7.70,57130.00,4893.00,6106.20
36.70,36.64,36.65,36.60,36.61,36.72,0.00,91.16,91.47,89.74,100092.00,A,-1.06,10.72,-0.14,0.05,9.52,57204.00,4916.00,6134.75
36.74,36.69,36.68,36.66,36.62,36.79,0.00,91.09,91.41,89.69,100096.00,A,-1.04,10.51,0.15,0.05,9.62,57431.00,4939.00,6136.54
36.78,36.75,36.77,36.70,36.70,36.82,0.00,91.06,91.33,89.61,100095.00,A,-0.63,10.34,3.08,0.03,12.80,57606.00,4955.00,6166.50
36.82,36.78,36.77,36.72,36.73,36.89,0.00,90.99,91.25,89.55,100094.00,A,-0.84,10.20,-1.61,0.04,7.75,57617.00,4994.00,6181.24
36.86,36.81,36.80,36.78,36.74,36.92,0.00,90.92,91.19,89.48,100091.00,A,-0.94,10.02,-0.73,0.05,8.35,57657.00,5021.00,6197.89
36.90,36.85,36.84,36.79,36.82,36.95,0.00,90.81,91.13,89.42,100093.00,A,-1.00,9.83,-0.43,0.05,8.40,58070.00,5040.00,6247.21
36.94,36.89,36.86,36.84,36.86,37.02,0.00,90.76,91.05,89.35,100093.00,A,-0.86,9.64,1.03,0.04,9.81,58590.00,5062.00,6278.50
36.98,36.94,36.95,36.89,36.86,37.06,0.00,90.68,90.97,89.25,100095.00,A,-0.76,9.48,0.74,0.04,9.46,58959.00,5087.00,6320.54
37.02,36.98,36.96,36.94,36.94,37.10,0.00,90.60,90.88,89.17,100093.00,A,-0.66,9.34,0.74,0.03,9.41,59600.00,5090.00,6339.38
37.06,37.01,37.00,36.98,36.96,37.12,0.00,90.50,90.77,89.06,100096.00,A,-0.88,9.18,-1.61,0.04,6.70,60027.00,5099.00,6353.05
37.10,37.04,37.02,37.00,36.98,37.16,0.00,90.42,90.66,88.96,100094.00,A,-1.13,8.98,-1.90,0.06,5.95,60147.00,5100.00,6383.22
37.14,37.11,37.11,37.07,37.08,37.20,0.00,90.32,90.55,88.84,100094.00,A,-0.48,8.82,4.84,0.02,13.18,60430.00,5102.00,6387.10
37.18,37.15,37.16,37.10,37.12,37.23,0.00,90.19,90.44,88.71,100091.00,A,-0.50,8.72,-0.14,0.03,8.08,60399.00,5104.00,6419.07
37.22,37.19,37.16,37.15,37.16,37.28,0.00,90.06,90.29,88.57,100091.00,A,-0.60,8.61,-0.73,0.03,7.28,60563.00,5109.00,6419.32
37.26,37.23,37.18,37.20,37.24,37.31,0.00,89.93,90.15,88.44,100096.00,A,-0.46,8.51,1.03,0.02,9.07,60797.00,5109.00,6442.71
37.30,37.27,37.24,37.23,37.24,37.36,0.00,89.79,89.98,88.28,100092.00,A,-0.60,8.40,-1.02,0.03,6.78,60899.00,5112.00,6451.61
37.34,37.31,37.28,37.25,37.31,37.40,0.00,89.66,89.82,88.11,100094.00,A,-0.54,8.29,0.45,0.03,8.19,60686.00,5110.00,6455.83
37.38,37.34,37.29,37.31,37.32,37.45,0.00,89.48,89.63,87.92,100093.00,A,-0.71,8.16,-1.31,0.04,6.13,60781.00,5116.00,6472.24
37.42,37.37,37.33,37.35,37.36,37.45,0.00,89.33,89.43,87.73,100096.00,A,-0.93,8.00,-1.61,0.05,5.46,60700.00,5115.00,6479.73
37.46,37.41,37.38,37.38,37.41,37.48,0.00,89.15,89.24,87.52,100093.00,A,-0.95,7.81,-0.14,0.05,6.72,60828.00,5118.00,6484.23
37.50,37.47,37.43,37.44,37.47,37.55,0.00,88.98,89.02,87.31,100093.00,A,-0.50,7.66,3.37,0.02,10.54,60867.00,5121.00,6485.99
37.54,37.51,37.47,37.48,37.52,37.59,0.00,88.80,88.80,87.09,100096.00,A,-0.48,7.57,0.15,0.02,7.24,60932.00,5122.00,6516.93
37.54,37.55,37.48,37.51,37.56,37.63,0.00,88.60,88.57,86.88,100096.00,H,0.19,7.54,4.98,-0.01,12.71,60956.00,5121.00,6518.96
37.54,37.57,37.50,37.55,37.58,37.65,0.00,88.39,88.37,86.67,100096.00,H,0.66,7.62,3.52,-0.03,11.79,60821.00,5118.00,6520.73
37.54,37.58,37.52,37.55,37.60,37.66,0.00,88.20,88.14,86.46,100096.00,H,0.89,7.78,1.76,-0.04,10.43,60876.00,5120.00,6519.46
37.54,37.59,37.55,37.56,37.60,37.66,0.00,88.02,87.90,86.27,100096.00,H,1.09,7.97,1.46,-0.05,10.53,60788.00,5121.00,6518.96
37.54,37.60,37.54,37.57,37.63,37.66,0.00,87.76,87.70,86.08,100097.00,H,1.24,8.21,1.17,-0.06,10.62,60786.00,5121.00,6518.20
37.54,37.59,37.53,37.56,37.63,37.64,0.00,87.61,87.49,85.90,100095.00,H,1.05,8.44,-1.46,-0.05,8.02,60884.00,5119.00,6519.46
37.52,37.60,37.54,37.56,37.63,37.66,0.00,87.43,87.30,85.74,100097.00,D,1.56,8.70,3.88,-0.08,14.14,60942.00,5120.00,6518.20
37.50,37.59,37.52,37.57,37.63,37.65,0.00,87.23,87.10,85.57,100096.00,D,1.93,9.05,2.71,-0.10,13.68,60924.00,5119.00,6520.98
37.48,37.59,37.54,37.57,37.63,37.63,0.00,87.05,86.92,85.40,100093.00,D,2.29,9.47,2.71,-0.11,14.46,60920.00,5120.00,6519.21
37.46,37.58,37.53,37.55,37.61,37.62,0.00,86.88,86.74,85.27,100101.00,D,2.41,9.94,0.95,-0.12,13.30,60959.00,5121.00,6519.46
37.44,37.57,37.53,37.54,37.61,37.59,0.00,86.72,86.59,85.14,100098.00,D,2.62,10.44,1.54,-0.13,14.59,61021.00,5120.00,6519.97
37.42,37.53,37.47,37.52,37.56,37.59,0.00,86.59,86.46,85.02,100099.00,D,2.31,10.93,-2.27,-0.12,10.97,61020.00,5119.00,6519.97
37.40,37.52,37.45,37.50,37.56,37.55,0.00,86.43,86.32,84.90,100096.00,D,2.40,11.41,0.66,-0.12,14.46,60989.00,5119.00,6518.45
37.38,37.50,37.45,37.48,37.55,37.55,0.00,86.33,86.22,84.80,100095.00,D,2.53,11.90,0.95,-0.13,15.38,61010.00,5118.00,6518.20
37.36,37.49,37.43,37.48,37.53,37.54,0.00,86.15,86.09,84.70,100097.00,D,2.73,12.42,1.54,-0.14,16.69,61012.00,5120.00,6518.70
37.34,37.47,37.41,37.45,37.52,37.52,0.00,86.08,86.01,84.60,100097.00,D,2.74,12.97,0.07,-0.14,15.79,61070.00,5119.00,6517.94
37.32,37.45,37.39,37.43,37.49,37.49,0.00,85.97,85.90,84.52,100096.00,D,2.67,13.51,-0.52,-0.13,15.67,61067.00,5120.00,6509.61
37.30,37.43,37.36,37.41,37.49,37.45,0.00,85.87,85.83,84.45,100096.00,D,2.57,14.04,-0.81,-0.13,15.80,61116.00,5119.00,6508.35
37.28,37.39,37.33,37.38,37.44,37.42,0.00,85.79,85.76,84.39,100100.00,D,2.30,14.52,-1.98,-0.12,14.85,61091.00,5117.00,6503.31
37.26,37.37,37.31,37.34,37.40,37.41,0.00,85.72,85.71,84.33,100096.00,D,2.15,14.97,-1.10,-0.11,16.02,61109.00,5117.00,6487.74
37.24,37.34,37.27,37.33,37.39,37.37,0.00,85.67,85.66,84.29,100097.00,D,2.01,15.39,-1.10,-0.10,16.29,61100.00,5117.00,6491.00
37.22,37.31,37.25,37.30,37.35,37.35,0.00,85.62,85.66,84.25,100093.00,D,1.90,15.78,-0.81,-0.10,16.87,61119.00,5118.00,6486.49
37.20,37.29,37.23,37.27,37.32,37.32,0.00,85.57,85.60,84.21,100096.00,D,1.75,16.14,-1.10,-0.09,16.79,61091.00,5119.00,6487.24
37.18,37.27,37.21,37.23,37.33,37.30,0.00,85.53,85.59,84.19,100095.00,D,1.80,16.50,0.36,-0.09,18.66,61099.00,5117.00,6484.73
37.16,37.24,37.16,37.21,37.30,37.27,0.00,85.49,85.54,84.15,100099.00,D,1.58,16.84,-1.69,-0.08,16.73,61092.00,5116.00,6485.99
37.14,37.22,37.15,37.21,37.25,37.26,0.00,85.48,85.53,84.15,100097.00,D,1.59,17.15,0.07,-0.08,18.81,61085.00,5114.00,6484.73
37.12,37.18,37.14,37.15,37.21,37.20,0.00,85.47,85.53,84.13,100096.00,D,1.17,17.43,-3.15,-0.06,15.44,61073.00,5112.00,6485.23
37.10,37.15,37.10,37.13,37.18,37.18,0.00,85.46,85.53,84.11,100094.00,D,1.02,17.65,-1.10,-0.05,17.56,61012.00,5111.00,6480.23
37.08,37.12,37.09,37.10,37.17,37.13,0.00,85.45,85.55,84.11,100095.00,D,0.91,17.84,-0.81,-0.05,17.94,61044.00,5113.00,6470.25
37.06,37.11,37.04,37.08,37.18,37.15,0.00,85.43,85.55,84.11,100099.00,D,1.08,18.04,1.24,-0.05,20.36,60974.00,5114.00,6469.00
37.04,37.09,37.04,37.06,37.13,37.13,0.00,85.45,85.57,84.10,100099.00,D,1.05,18.25,-0.22,-0.05,19.08,60982.00,5112.00,6465.52
37.02,37.06,36.99,37.05,37.09,37.10,0.00,85.45,85.58,84.11,100098.00,D,0.82,18.44,-1.69,-0.04,17.57,61002.00,5108.00,6455.08
37.00,37.02,36.96,36.98,37.09,37.05,0.00,85.47,85.60,84.13,100096.00,D,0.44,18.56,-2.86,-0.02,16.15,60934.00,5112.00,6451.37
36.98,36.99,36.92,36.98,37.03,37.04,0.00,85.46,85.63,84.14,100094.00,D,0.29,18.64,-1.10,-0.01,17.83,60930.00,5109.00,6451.61
36.96,36.97,36.92,36.95,37.00,37.01,0.00,85.49,85.66,84.16,100093.00,D,0.23,18.69,-0.52,-0.01,18.40,60902.00,5109.00,6450.62
36.94,36.97,36.91,36.95,37.01,37.02,0.00,85.53,85.71,84.17,100096.00,D,0.66,18.78,3.29,-0.03,22.74,60863.00,5109.00,6450.37
36.92,36.94,36.90,36.90,36.99,36.98,0.00,85.54,85.75,84.18,100092.00,D,0.52,18.90,-1.10,-0.03,18.31,60883.00,5108.00,6450.62
36.90,36.92,36.86,36.90,36.96,36.97,0.00,85.60,85.75,84.21,100095.00,D,0.49,19.00,-0.22,-0.02,19.26,60829.00,5108.00,6451.61
36.88,36.88,36.81,36.88,36.93,36.90,0.00,85.61,85.84,84.24,100093.00,D,0.03,19.05,-3.45,-0.00,15.63,60726.00,5107.00,6436.29
36.86,36.84,36.81,36.81,36.88,36.87,0.00,85.66,85.88,84.26,100094.00,D,-0.27,19.02,-2.27,0.01,16.48,60685.00,5107.00,6431.85
36.84,36.83,36.79,36.81,36.87,36.86,0.00,85.69,85.94,84.30,100095.00,D,-0.11,18.99,1.24,0.01,20.12,60642.00,5103.00,6433.33
36.82,36.83,36.79,36.82,36.85,36.84,0.00,85.71,85.95,84.32,100091.00,D,0.17,18.99,2.12,-0.01,21.29,60636.00,5106.00,6418.09
36.80,36.79,36.78,36.76,36.81,36.81,0.00,85.75,86.01,84.34,100093.00,D,-0.13,19.00,-2.27,0.01,16.59,60668.00,5105.00,6418.09
36.78,36.78,36.75,36.77,36.80,36.80,0.00,85.79,86.05,84.37,100095.00,D,0.04,18.99,1.24,-0.00,20.27,60632.00,5105.00,6418.09
36.76,36.76,36.73,36.75,36.79,36.78,0.00,85.84,86.11,84.41,100096.00,D,0.08,19.00,0.36,-0.00,19.45,60638.00,5100.00,6416.38
36.74,36.74,36.73,36.72,36.77,36.77,0.00,85.91,86.13,84.44,100095.00,D,0.13,19.02,0.36,-0.01,19.52,60612.00,5102.00,6418.34
36.72,36.72,36.70,36.70,36.74,36.74,0.00,85.94,86.18,84.47,100097.00,D,0.06,19.04,-0.52,-0.00,18.59,60588.00,5101.00,6417.36
36.70,36.71,36.67,36.70,36.73,36.73,0.00,85.97,86.23,84.50,100098.00,D,0.19,19.07,0.95,-0.01,20.21,60597.00,5102.00,6419.32
36.68,36.67,36.66,36.65,36.69,36.70,0.00,86.05,86.28,84.54,100095.00,D,-0.11,19.07,-2.27,0.01,16.69,60536.00,5100.00,6417.60
36.66,36.66,36.64,36.63,36.68,36.70,0.00,86.05,86.32,84.57,100094.00,D,0.05,19.07,1.24,-0.00,20.37,60482.00,5102.00,6403.66
36.64,36.64,36.63,36.63,36.65,36.66,0.00,86.10,86.36,84.61,100091.00,D,0.14,19.09,0.66,-0.01,19.89,60443.00,5100.00,6401.95
36.62,36.65,36.59,36.65,36.66,36.68,0.00,86.12,86.43,84.62,100098.00,D,0.58,19.16,3.29,-0.03,23.03,60433.00,5097.00,6408.54
36.60,36.64,36.61,36.63,36.64,36.67,0.00,86.19,86.46,84.67,100096.00,D,0.82,19.30,1.83,-0.04,21.95,60449.00,5097.00,6396.34
36.58,36.62,36.58,36.61,36.64,36.65,0.00,86.24,86.49,84.71,100094.00,D,0.83,19.47,0.07,-0.04,20.37,60439.00,5095.00,6388.32
36.56,36.58,36.58,36.58,36.59,36.57,0.00,86.25,86.53,84.74,100098.00,D,0.45,19.60,-2.86,-0.02,17.19,60440.00,5098.00,6383.71
36.54,36.54,36.54,36.52,36.56,36.55,0.00,86.32,86.59,84.80,100099.00,D,0.11,19.65,-2.57,-0.01,17.20,60392.00,5095.00,6381.77
36.52,36.53,36.52,36.52,36.54,36.54,0.00,86.34,86.63,84.82,100095.00,D,0.24,19.69,0.95,-0.01,20.87,60378.00,5092.00,6385.65
36.50,36.52,36.51,36.49,36.54,36.53,0.00,86.38,86.69,84.87,100096.00,D,0.40,19.75,1.24,-0.02,21.39,60369.00,5095.00,6380.07
36.48,36.52,36.52,36.47,36.54,36.55,0.00,86.45,86.73,84.89,100096.00,D,0.80,19.87,3.00,-0.04,23.67,60372.00,5094.00,6374.02
36.46,36.50,36.51,36.48,36.49,36.52,0.00,86.47,86.80,84.93,100096.00,D,0.85,20.04,0.36,-0.04,21.25,60380.00,5092.00,6370.88
36.44,36.47,36.45,36.46,36.48,36.51,0.00,86.51,86.83,84.96,100095.00,D,0.74,20.20,-0.81,-0.04,20.13,60350.00,5088.00,6369.19
36.42,36.44,36.41,36.41,36.46,36.46,0.00,86.57,86.90,85.01,100096.00,D,0.36,20.31,-2.86,-0.02,17.81,60284.00,5088.00,6354.25
36.40,36.42,36.38,36.41,36.45,36.45,0.00,86.58,86.90,85.07,100096.00,D,0.53,20.39,1.24,-0.03,22.16,60259.00,5089.00,6352.57
36.38,36.41,36.39,36.39,36.43,36.45,0.00,86.61,86.96,85.10,100096.00,D,0.73,20.52,1.54,-0.04,22.79,60223.00,5087.00,6353.05
36.36,36.40,36.38,36.35,36.42,36.43,0.00,86.67,87.04,85.13,100096.00,D,0.78,20.67,0.36,-0.04,21.82,60220.00,5086.00,6353.29
36.34,36.37,36.34,36.33,36.39,36.41,0.00,86.68,87.06,85.17,100098.00,D,0.59,20.81,-1.39,-0.03,20.01,60174.00,5087.00,6352.81
36.32,36.34,36.32,36.30,36.35,36.39,0.00,86.77,87.10,85.22,100095.00,D,0.49,20.92,-0.81,-0.02,20.60,60151.00,5083.00,6352.57
36.30,36.33,36.32,36.30,36.34,36.36,0.00,86.80,87.16,85.26,100096.00,D,0.69,21.04,1.54,-0.03,23.26,60157.00,5084.00,6353.53
36.28,36.33,36.30,36.29,36.37,36.34,0.00,86.85,87.22,85.30,100097.00,D,0.97,21.20,2.12,-0.05,24.30,60155.00,5084.00,6352.81
36.26,36.29,36.26,36.27,36.30,36.33,0.00,86.89,87.25,85.35,100094.00,D,0.63,21.36,-2.57,-0.03,19.43,60132.00,5079.00,6351.37
36.24,36.26,36.26,36.20,36.27,36.29,0.00,86.94,87.32,85.41,100093.00,D,0.37,21.46,-1.98,-0.02,19.85,60078.00,5080.00,6351.37
36.22,36.24,36.22,36.20,36.28,36.27,0.00,86.98,87.36,85.45,100096.00,D,0.53,21.55,1.24,-0.03,23.33,60054.00,5076.00,6338.67
36.20,36.23,36.22,36.20,36.25,36.24,0.00,87.03,87.43,85.50,100092.00,D,0.62,21.67,0.66,-0.03,22.95,60021.00,5077.00,6330.07
36.18,36.21,36.20,36.17,36.22,36.25,0.00,87.07,87.46,85.54,100095.00,D,0.67,21.80,0.36,-0.03,22.83,60070.00,5075.00,6325.30
36.16,36.20,36.20,36.16,36.21,36.23,0.00,87.14,87.52,85.59,100094.00,D,0.84,21.95,1.24,-0.04,24.03,60017.00,5073.00,6320.54
36.14,36.17,36.16,36.13,36.19,36.20,0.00,87.15,87.58,85.63,100091.00,D,0.65,22.10,-1.39,-0.03,21.35,59974.00,5073.00,6321.26
36.12,36.15,36.13,36.14,36.16,36.17,0.00,87.22,87.61,85.69,100093.00,D,0.70,22.23,0.36,-0.03,23.29,59963.00,5068.00,6320.07
36.10,36.12,36.11,36.07,36.16,36.15,0.00,87.27,87.66,85.75,100090.00,D,0.47,22.35,-1.69,-0.02,21.13,59982.00,5070.00,6321.26
36.08,36.09,36.07,36.07,36.10,36.10,0.00,87.31,87.74,85.80,100095.00,D,0.17,22.41,-2.27,-0.01,20.31,59924.00,5068.00,6318.64
36.06,36.08,36.06,36.06,36.11,36.10,0.00,87.36,87.80,85.85,100095.00,D,0.53,22.48,2.71,-0.03,25.72,59905.00,5068.00,6308.44
36.04,36.07,36.07,36.04,36.09,36.09,0.00,87.42,87.83,85.90,100093.00,D,0.70,22.60,1.24,-0.03,24.54,59921.00,5065.00,6304.89
36.02,36.04,36.04,36.01,36.05,36.06,0.00,87.47,87.90,85.95,100091.00,D,0.47,22.72,-1.69,-0.02,21.51,59848.00,5063.00,6299.69
36.00,36.02,36.03,35.99,36.01,36.03,0.00,87.50,87.96,86.00,100090.00,D,0.36,22.80,-0.81,-0.02,22.36,59841.00,5060.00,6294.96
35.98,36.00,36.02,35.96,35.98,36.02,0.00,87.56,88.00,86.06,100091.00,D,0.37,22.88,0.07,-0.02,23.32,59761.00,5059.00,6288.37
35.96,35.98,35.99,35.94,36.00,36.01,0.00,87.62,88.06,86.12,100094.00,D,0.54,22.97,1.24,-0.03,24.75,59707.00,5055.00,6289.31
35.94,35.97,35.97,35.95,35.98,35.99,0.00,87.66,88.13,86.17,100093.00,D,0.66,23.09,0.95,-0.03,24.70,59709.00,5057.00,6285.78
35.92,35.96,35.95,35.94,35.98,35.98,0.00,87.69,88.17,86.22,100093.00,D,0.95,23.25,2.12,-0.05,26.32,59601.00,5054.00,6278.97
35.90,35.93,35.91,35.90,35.95,35.95,0.00,87.77,88.21,86.28,100092.00,D,0.61,23.41,-2.57,-0.03,21.45,59514.00,5050.00,6273.81
35.88,35.90,35.88,35.90,35.91,35.91,0.00,87.79,88.27,86.33,100093.00,D,0.50,23.52,-0.81,-0.02,23.21,59443.00,5048.00,6265.15
35.86,35.89,35.88,35.85,35.91,35.91,0.00,87.87,88.32,86.39,100092.00,D,0.62,23.63,0.95,-0.03,25.20,59385.00,5045.00,6258.61
35.84,35.86,35.85,35.83,35.86,35.90,0.00,87.92,88.37,86.46,100092.00,D,0.44,23.74,-1.39,-0.02,22.78,59404.00,5041.00,6257.45
35.82,35.84,35.84,35.82,35.85,35.85,0.00,87.93,88.44,86.51,100090.00,D,0.49,23.83,0.36,-0.02,24.68,59340.00,5039.00,6257.68
35.80,35.82,35.82,35.78,35.84,35.84,0.00,88.03,88.50,86.56,100092.00,D,0.46,23.92,-0.22,-0.02,24.16,59316.00,5039.00,6257.92
35.78,35.80,35.80,35.77,35.80,35.83,0.00,88.06,88.56,86.62,100090.00,D,0.47,24.01,0.07,-0.02,24.55,59305.00,5033.00,6257.68
35.76,35.77,35.79,35.73,35.77,35.79,0.00,88.11,88.61,86.67,100090.00,D,0.24,24.09,-1.69,-0.01,22.64,59278.00,5036.00,6256.98
35.74,35.77,35.77,35.74,35.75,35.80,0.00,88.16,88.68,86.72,100095.00,D,0.56,24.17,2.41,-0.03,27.14,59152.00,5031.00,6256.28
35.72,35.75,35.77,35.70,35.74,35.78,0.00,88.24,88.73,86.79,100093.00,D,0.61,24.28,0.36,-0.03,25.26,59069.00,5027.00,6257.22
35.70,35.72,35.70,35.68,35.70,35.79,0.00,88.28,88.79,86.84,100090.00,D,0.39,24.38,-1.69,-0.02,23.08,59007.00,5027.00,6242.80
35.68,35.69,35.69,35.66,35.70,35.71,0.00,88.33,88.85,86.91,100090.00,D,0.20,24.44,-1.39,-0.01,23.25,58926.00,5023.00,6242.34
35.66,35.65,35.67,35.60,35.65,35.68,0.00,88.39,88.90,86.96,100090.00,D,-0.14,24.45,-2.57,0.01,21.74,58812.00,5017.00,6232.84
35.64,35.64,35.66,35.61,35.66,35.65,0.00,88.45,88.96,87.01,100089.00,D,0.14,24.45,2.12,-0.01,26.71,58739.00,5017.00,6227.30
35.62,35.66,35.66,35.62,35.66,35.70,0.00,88.48,89.03,87.08,100090.00,D,0.78,24.54,4.76,-0.04,30.07,58712.00,5013.00,6226.83
35.60,35.63,35.63,35.59,35.63,35.68,0.00,88.56,89.06,87.13,100093.00,D,0.71,24.69,-0.52,-0.04,24.88,58669.00,5016.00,6226.14
35.58,35.60,35.59,35.59,35.60,35.63,0.00,88.61,89.12,87.19,100091.00,D,0.44,24.80,-1.98,-0.02,23.27,58621.00,5011.00,6226.60
35.56,35.57,35.58,35.53,35.59,35.58,0.00,88.66,89.18,87.25,100093.00,D,0.22,24.87,-1.69,-0.01,23.40,58518.00,5005.00,6227.30
35.54,35.56,35.56,35.52,35.59,35.57,0.00,88.69,89.24,87.31,100094.00,D,0.46,24.94,1.83,-0.02,27.23,58489.00,5000.00,6226.14
35.52,35.55,35.57,35.52,35.53,35.56,0.00,88.76,89.30,87.37,100093.00,D,0.59,25.04,0.95,-0.03,26.58,58447.00,5001.00,6226.37
35.50,35.54,35.55,35.50,35.55,35.55,0.00,88.80,89.37,87.41,100094.00,D,0.79,25.18,1.54,-0.04,27.51,58407.00,4995.00,6226.83
35.48,35.50,35.55,35.45,35.50,35.50,0.00,88.83,89.39,87.47,100093.00,D,0.45,25.31,-2.57,-0.02,23.19,58296.00,4992.00,6227.30
35.46,35.48,35.51,35.45,35.48,35.48,0.00,88.89,89.47,87.54,100092.00,D,0.46,25.40,0.07,-0.02,25.93,58269.00,4987.00,6224.99
35.44,35.46,35.45,35.45,35.47,35.45,0.00,88.94,89.51,87.60,100095.00,D,0.35,25.48,-0.81,-0.02,25.02,58163.00,4986.00,6210.03
35.42,35.44,35.46,35.41,35.44,35.47,0.00,88.98,89.55,87.64,100093.00,D,0.52,25.57,1.24,-0.03,27.33,58078.00,4984.00,6210.49
35.40,35.44,35.44,35.41,35.45,35.47,0.00,89.02,89.61,87.71,100092.00,D,0.88,25.70,2.71,-0.04,29.29,58013.00,4979.00,6195.38
35.38,35.43,35.42,35.40,35.42,35.46,0.00,89.10,89.68,87.76,100092.00,D,0.97,25.89,0.66,-0.05,27.51,57928.00,4976.00,6196.29
35.36,35.38,35.39,35.36,35.39,35.39,0.00,89.13,89.70,87.81,100093.00,D,0.51,26.04,-3.45,-0.03,23.10,57873.00,4968.00,6194.69
35.34,35.36,35.35,35.33,35.38,35.40,0.00,89.16,89.76,87.88,100089.00,D,0.52,26.14,0.07,-0.03,26.73,57827.00,4964.00,6195.60
35.32,35.36,35.34,35.32,35.38,35.39,0.00,89.21,89.82,87.93,100088.00,D,0.76,26.27,1.83,-0.04,28.86,57825.00,4959.00,6193.78
35.30,35.33,35.33,35.30,35.32,35.37,0.00,89.27,89.88,87.98,100089.00,D,0.65,26.41,-0.81,-0.03,26.25,57759.00,4954.00,6194.46
35.28,35.31,35.29,35.29,35.32,35.33,0.00,89.31,89.91,88.04,100092.00,D,0.58,26.53,-0.52,-0.03,26.60,57757.00,4952.00,6194.92
35.26,35.30,35.26,35.27,35.31,35.34,0.00,89.39,89.98,88.11,100093.00,D,0.79,26.67,1.54,-0.04,28.99,57760.00,4948.00,6195.15
35.24,35.26,35.27,35.23,35.26,35.29,0.00,89.42,90.02,88.17,100091.00,D,0.49,26.80,-2.27,-0.02,25.01,57730.00,4945.00,6192.86
35.22,35.24,35.25,35.22,35.23,35.26,0.00,89.48,90.08,88.23,100093.00,D,0.46,26.89,-0.22,-0.02,27.12,57678.00,4942.00,6194.46
35.20,35.24,35.23,35.22,35.24,35.27,0.00,89.51,90.14,88.28,100090.00,D,0.82,27.02,2.71,-0.04,30.54,57590.00,4935.00,6180.11
35.18,35.22,35.22,35.21,35.21,35.26,0.00,89.55,90.20,88.35,100089.00,D,0.94,27.19,0.95,-0.05,29.09,57599.00,4933.00,6181.24
35.16,35.18,35.19,35.13,35.18,35.21,0.00,89.62,90.25,88.40,100092.00,D,0.41,27.33,-4.03,-0.02,23.70,57573.00,4928.00,6174.20
35.14,35.16,35.16,35.12,35.17,35.18,0.00,89.65,90.26,88.46,100091.00,D,0.38,27.41,-0.22,-0.02,27.56,57508.00,4925.00,6165.36
35.12,35.12,35.13,35.09,35.12,35.15,0.00,89.73,90.34,88.53,100092.00,D,0.03,27.45,-2.57,-0.00,24.92,57394.00,4915.00,6165.82
35.10,35.11,35.13,35.08,35.10,35.14,0.00,89.77,90.42,88.58,100092.00,D,0.28,27.48,1.83,-0.01,29.59,57287.00,4911.00,6166.04
35.08,35.10,35.09,35.08,35.10,35.13,0.00,89.83,90.45,88.62,100095.00,D,0.48,27.56,1.54,-0.02,29.57,57284.00,4906.00,6164.46
35.06,35.11,35.13,35.08,35.10,35.13,0.00,89.87,90.50,88.68,100095.00,D,1.08,27.71,4.46,-0.05,33.25,57284.00,4902.00,6167.63
35.04,35.09,35.09,35.05,35.10,35.13,0.00,89.94,90.57,88.74,100093.00,D,1.13,27.93,0.36,-0.06,29.42,57239.00,4898.00,6165.59
35.02,35.06,35.07,35.03,35.07,35.07,0.00,89.98,90.60,88.79,100094.00,D,0.86,28.13,-1.98,-0.04,27.01,57172.00,4892.00,6165.59
35.00,35.02,35.01,35.00,35.04,35.02,0.00,90.02,90.67,88.86,100094.00,D,0.40,28.26,-3.45,-0.02,25.22,57113.00,4887.00,6165.59
34.98,34.98,34.97,34.95,35.02,34.99,0.00,90.08,90.71,88.92,100095.00,D,0.06,28.30,-2.57,-0.00,25.80,57057.00,4881.00,6168.99
34.96,34.98,34.96,34.95,35.00,35.00,0.00,90.10,90.75,88.97,100093.00,D,0.38,28.35,2.41,-0.02,31.14,56970.00,4878.00,6165.59
34.94,34.97,34.97,34.95,34.97,35.00,0.00,90.16,90.80,89.01,100095.00,D,0.67,28.45,2.12,-0.03,31.24,56863.00,4872.00,6159.71
34.92,34.95,34.95,34.92,34.93,34.98,0.00,90.20,90.83,89.07,100096.00,D,0.56,28.58,-0.81,-0.03,28.32,56799.00,4868.00,6154.30
34.90,34.93,34.91,34.90,34.95,34.95,0.00,90.27,90.92,89.12,100093.00,D,0.57,28.69,0.07,-0.03,29.33,56752.00,4863.00,6157.46
34.88,34.89,34.88,34.86,34.90,34.93,0.00,90.30,90.93,89.18,100094.00,D,0.30,28.77,-1.98,-0.02,27.10,56639.00,4862.00,6152.04
34.86,34.87,34.85,34.84,34.87,34.91,0.00,90.36,90.98,89.24,100091.00,D,0.16,28.82,-1.10,-0.01,27.88,56614.00,4855.00,6165.14
34.84,34.84,34.82,34.80,34.85,34.90,0.00,90.39,91.01,89.29,100093.00,D,0.13,28.85,-0.22,-0.01,28.75,56516.00,4851.00,6164.91
34.82,34.83,34.83,34.80,34.80,34.88,0.00,90.44,91.09,89.33,100091.00,D,0.21,28.88,0.66,-0.01,29.75,56466.00,4848.00,6153.85
34.80,34.82,34.80,34.81,34.80,34.86,0.00,90.48,91.13,89.38,100091.00,D,0.46,28.95,1.83,-0.02,31.24,56433.00,4840.00,6155.20
34.78,34.82,34.82,34.78,34.81,34.86,0.00,90.52,91.18,89.42,100093.00,D,0.82,29.08,2.71,-0.04,32.60,56356.00,4839.00,6154.75
34.76,34.80,34.80,34.78,34.79,34.84,0.00,90.55,91.22,89.47,100094.00,D,0.95,29.25,0.95,-0.05,31.15,56318.00,4834.00,6151.37
34.74,34.77,34.77,34.76,34.77,34.80,0.00,90.58,91.25,89.53,100091.00,D,0.68,29.42,-1.98,-0.03,28.12,56280.00,4828.00,6150.92
34.72,34.74,34.71,34.71,34.77,34.77,0.00,90.64,91.31,89.58,100092.00,D,0.42,29.53,-1.98,-0.02,27.96,56178.00,4821.00,6145.52
34.70,34.71,34.70,34.70,34.71,34.73,0.00,90.68,91.34,89.65,100088.00,D,0.23,29.59,-1.39,-0.01,28.43,56134.00,4812.00,6145.97
34.68,34.70,34.68,34.67,34.71,34.74,0.00,90.74,91.39,89.70,100087.00,D,0.47,29.66,1.83,-0.02,31.97,56005.00,4806.00,6142.60
34.66,34.70,34.69,34.66,34.69,34.76,0.00,90.76,91.42,89.74,100088.00,D,0.80,29.79,2.41,-0.04,33.00,55889.00,4804.00,6139.23
34.64,34.69,34.70,34.63,34.67,34.74,0.00,90.79,91.46,89.79,100089.00,D,1.00,29.97,1.54,-0.05,32.51,55660.00,4798.00,6136.99
34.62,34.64,34.63,34.63,34.66,34.66,0.00,90.85,91.49,89.85,100091.00,D,0.54,30.12,-3.45,-0.03,27.22,55622.00,4788.00,6136.09
34.60,34.63,34.59,34.61,34.65,34.66,0.00,90.88,91.56,89.91,100091.00,D,0.63,30.24,0.66,-0.03,31.53,55425.00,4781.00,6134.75
34.58,34.60,34.58,34.56,34.61,34.65,0.00,90.94,91.59,89.96,100093.00,D,0.44,30.35,-1.39,-0.02,29.40,55351.00,4773.00,6135.42
34.56,34.57,34.55,34.55,34.61,34.59,0.00,90.96,91.60,90.02,100088.00,D,0.34,30.43,-0.81,-0.02,29.95,55231.00,4768.00,6128.93
34.54,34.56,34.55,34.54,34.59,34.56,0.00,91.02,91.66,90.06,100087.00,D,0.46,30.51,0.95,-0.02,31.92,55329.00,4765.00,6128.03
34.52,34.53,34.54,34.49,34.52,34.55,0.00,91.04,91.71,90.11,100087.00,D,0.16,30.57,-2.27,-0.01,28.45,55221.00,4760.00,6121.56
34.50,34.50,34.52,34.45,34.52,34.52,0.00,91.10,91.74,90.15,100089.00,D,0.09,30.59,-0.52,-0.00,30.17,55205.00,4753.00,6128.70
34.48,34.51,34.49,34.47,34.50,34.56,0.00,91.14,91.79,90.19,100089.00,D,0.57,30.66,3.59,-0.03,34.81,55110.00,4747.00,6134.52
34.46,34.50,34.51,34.45,34.48,34.55,0.00,91.15,91.83,90.24,100089.00,D,0.81,30.80,1.83,-0.04,33.44,55074.00,4747.00,6130.49
34.44,34.48,34.47,34.44,34.48,34.53,0.00,91.21,91.85,90.28,100090.00,D,0.86,30.96,0.36,-0.04,32.19,54957.00,4738.00,6120.00
34.42,34.44,34.44,34.37,34.48,34.47,0.00,91.23,91.89,90.33,100089.00,D,0.44,31.09,-3.15,-0.02,28.38,54793.00,4728.00,6113.54
34.40,34.40,34.39,34.37,34.43,34.42,0.00,91.25,91.95,90.39,100091.00,D,0.10,31.15,-2.57,-0.00,28.68,54719.00,4722.00,6105.09
34.38,34.40,34.40,34.37,34.40,34.43,0.00,91.32,91.98,90.43,100090.00,D,0.42,31.20,2.41,-0.02,34.03,54680.00,4718.00,6104.65
34.36,34.38,34.36,34.34,34.38,34.42,0.00,91.35,92.00,90.48,100088.00,D,0.35,31.28,-0.52,-0.02,31.11,54610.00,4715.00,6103.76
34.34,34.36,34.37,34.36,34.33,34.40,0.00,91.38,92.07,90.51,100089.00,D,0.52,31.36,1.24,-0.03,33.12,54568.00,4711.00,6105.76
34.32,34.36,34.39,34.34,34.34,34.36,0.00,91.42,92.07,90.56,100089.00,D,0.84,31.50,2.41,-0.04,34.75,54437.00,4692.00,6104.21
34.30,34.35,34.39,34.34,34.35,34.32,0.00,91.46,92.11,90.59,100086.00,D,1.08,31.69,1.83,-0.05,34.60,54440.00,4684.00,6105.09
34.28,34.33,34.36,34.30,34.34,34.31,0.00,91.49,92.15,90.64,100089.00,D,1.05,31.91,-0.22,-0.05,32.74,54257.00,4672.00,6103.99
34.26,34.28,34.26,34.25,34.32,34.30,0.00,91.49,92.20,90.69,100090.00,D,0.52,32.06,-4.03,-0.03,28.55,54213.00,4662.00,6105.98
34.24,34.27,34.23,34.24,34.31,34.30,0.00,91.52,92.22,90.72,100089.00,D,0.64,32.18,0.95,-0.03,33.77,53994.00,4656.00,6105.76
34.22,34.26,34.23,34.23,34.28,34.32,0.00,91.56,92.24,90.77,100091.00,D,0.93,32.34,2.12,-0.05,35.38,53920.00,4644.00,6103.99
34.20,34.23,34.26,34.16,34.26,34.26,0.00,91.61,92.25,90.80,100087.00,D,0.70,32.50,-1.69,-0.04,31.51,53875.00,4641.00,6089.82
34.20,34.19,34.16,34.13,34.22,34.26,0.00,91.64,92.31,90.85,100090.00,H,-0.12,32.56,-6.15,0.01,26.28,53910.00,4633.00,6076.17
34.20,34.18,34.16,34.10,34.18,34.27,0.00,91.65,92.35,90.90,100090.00,H,-0.35,32.51,-1.76,0.02,30.40,53602.00,4619.00,6076.61
34.20,34.19,34.19,34.16,34.20,34.23,0.00,91.70,92.39,90.93,100094.00,H,-0.12,32.46,1.76,0.01,34.10,53360.00,4609.00,6075.29
34.20,34.20,34.20,34.16,34.20,34.23,0.00,91.73,92.41,90.96,100091.00,H,-0.04,32.44,0.59,0.00,32.99,53301.00,4606.00,6072.65
34.20,34.19,34.21,34.16,34.18,34.20,0.00,91.77,92.43,90.98,100090.00,H,-0.20,32.42,-1.17,0.01,31.05,53230.00,4601.00,6075.51
34.20,34.19,34.16,34.16,34.17,34.26,0.00,91.80,92.45,91.01,100094.00,H,-0.20,32.38,0.00,0.01,32.18,53135.00,4590.00,6065.86
34.20,34.17,34.15,34.13,34.17,34.23,0.00,91.81,92.50,91.07,100091.00,H,-0.55,32.31,-2.64,0.03,29.12,53036.00,4572.00,6061.26
34.20,34.17,34.14,34.13,34.16,34.24,0.00,91.88,92.54,91.10,100091.00,H,-0.55,32.20,0.00,0.03,31.65,52983.00,4567.00,6049.48
34.20,34.16,34.12,34.13,34.16,34.23,0.00,91.91,92.56,91.13,100087.00,H,-0.78,32.06,-1.76,0.04,29.52,52934.00,4555.00,6046.43
34.20,34.17,34.13,34.13,34.19,34.24,0.00,91.93,92.58,91.16,100087.00,H,-0.47,31.94,2.34,0.02,33.81,52903.00,4547.00,6046.86
34.20,34.14,34.10,34.09,34.15,34.22,0.00,91.96,92.63,91.20,100090.00,H,-1.14,31.78,-4.98,0.06,25.66,52947.00,4543.00,6046.86
34.20,34.14,34.12,34.07,34.16,34.23,0.00,92.00,92.64,91.22,100088.00,H,-1.06,31.56,0.59,0.05,31.09,52912.00,4533.00,6038.17
34.20,34.15,34.11,34.09,34.17,34.25,0.00,92.02,92.68,91.25,100088.00,H,-0.86,31.37,1.46,0.04,31.97,52729.00,4523.00,6022.15
34.20,34.15,34.09,34.06,34.20,34.26,0.00,92.07,92.71,91.27,100087.00,H,-0.86,31.19,0.00,0.04,30.33,52436.00,4506.00,6017.84
34.20,34.17,34.15,34.12,34.20,34.23,0.00,92.08,92.73,91.31,100086.00,H,-0.47,31.06,2.93,0.02,33.52,52235.00,4506.00,6017.62
34.20,34.17,34.15,34.10,34.20,34.23,0.00,92.11,92.77,91.34,100088.00,H,-0.59,30.95,-0.88,0.03,29.49,51975.00,4496.00,6018.92
34.20,34.14,34.11,34.08,34.17,34.22,0.00,92.15,92.79,91.37,100088.00,H,-1.06,30.79,-3.52,0.05,26.22,51740.00,4487.00,6008.58
34.20,34.12,34.11,34.05,34.15,34.19,0.00,92.18,92.79,91.40,100087.00,H,-1.49,30.53,-3.22,0.07,25.82,51477.00,4472.00,6004.93
34.20,34.16,34.11,34.13,34.20,34.22,0.00,92.19,92.81,91.44,100089.00,H,-0.71,30.31,5.86,0.04,35.47,51309.00,4460.00,5997.22
