10.04,10.05,10.05,10.04,10.05,10.04,0,33.04,33,32.48,99268,H,0.08,0.01,0.39,0,0.48,49168,6212,6891.46
10.04,10.05,10.04,10.04,10.07,10.04,0,33.07,32.98,32.48,99270,H,0.08,0.02,0,0,0.1,49180,6211,6890.89
10.04,10.06,10.05,10.05,10.07,10.05,0,33.04,32.99,32.48,99268,H,0.27,0.06,0.98,-0.01,1.31,49168,6210,6889.76
10.04,10.04,10.02,10.04,10.07,10.04,0,33.05,32.94,32.48,99270,H,0,0.09,-1.37,0,-1.28,49161,6212,6889.2
10.04,10.05,10.03,10.05,10.06,10.05,0,33.07,32.98,32.48,99268,H,0.08,0.09,0.39,0,0.56,49168,6211,6889.2
10.04,10.04,10.02,10.04,10.06,10.05,0,33.07,32.97,32.47,99267,H,-0.04,0.1,-0.59,0,-0.53,49186,6209,6889.2
10.04,10.06,10.06,10.06,10.06,10.06,0,33.05,32.96,32.47,99268,H,0.39,0.13,2.15,-0.02,2.67,49163,6209,6890.33
10.04,10.05,10.04,10.05,10.07,10.03,0,33.03,32.97,32.46,99270,H,0.08,0.18,-1.56,0,-1.3,49166,6211,6890.33
10.04,10.05,10.03,10.06,10.05,10.04,0,33.05,32.96,32.46,99266,H,0.08,0.2,0,0,0.27,49164,6211,6890.33
10.04,10.02,10.01,10.03,10.04,10.02,0,33.05,32.98,32.46,99270,H,-0.39,0.16,-2.34,0.02,-2.57,49178,6212,6891.46
10.04,10.02,10,10.02,10.04,10.02,0,33.03,32.98,32.45,99270,H,-0.47,0.08,-0.39,0.02,-0.78,49167,6212,6889.2
10.04,10.03,10.02,10.04,10.04,10.02,0,33.02,32.94,32.45,99269,H,-0.23,0.01,1.17,0.01,0.95,49180,6212,6890.33
10.04,10.03,10.02,10.02,10.05,10.02,0,33.03,32.97,32.45,99269,H,-0.35,0,-0.59,0.02,-0.94,49173,6211,6890.33
10.04,10.03,10.01,10.02,10.05,10.03,0,33.07,33,32.45,99269,H,-0.31,0,0.2,0.02,-0.12,49171,6211,6889.76
10.04,10.04,10.02,10.05,10.05,10.04,0,33.07,32.95,32.45,99269,H,-0.08,0,1.17,0,1.09,49161,6208,6890.89
10.04,10.04,10.03,10.05,10.04,10.04,0,33.04,32.97,32.44,99268,H,-0.08,0,0,0,-0.08,49177,6208,6890.89
10.04,10.03,10.02,10.04,10.05,10.02,0,33.03,32.95,32.44,99267,H,-0.23,0,-0.78,0.01,-1.02,49163,6210,6892.02
10.04,10.03,10.03,10.02,10.05,10.02,0,33,32.99,32.44,99267,H,-0.23,0,0,0.01,-0.23,49162,6211,6892.59
10.04,10.03,10.02,10.02,10.05,10.04,0,33.06,32.96,32.43,99264,H,-0.27,0,-0.2,0.01,-0.47,49155,6208,6895.99
10.04,10.03,10.02,10.02,10.04,10.02,0,33.05,32.96,32.43,99265,H,-0.31,0,-0.2,0.02,-0.51,49171,6211,6891.46
9.78,10.04,10.03,10.03,10.05,10.03,0,33.02,32.96,32.43,99269,D,5.08,0.48,26.98,-0.25,32.54,49179,6209,6889.76
9.52,10.01,9.95,9.99,10.04,10.04,0,33.03,32.99,32.43,99264,D,9.66,1.95,22.88,-0.48,34.48,49158,6209,6891.46
9.26,9.78,9.7,9.86,9.88,9.69,0,33.02,32.93,32.43,99270,D,10.33,3.95,3.34,-0.52,17.62,49130,6210,6892.59
9,9.43,9.38,9.6,9.33,9.4,0,33,32.92,32.44,99270,D,8.5,5.83,-9.16,-0.42,5.17,49145,6211,6892.02
8.74,9.14,9.13,9.15,9.13,9.18,0,33.01,32.94,32.45,99272,D,8.03,7.48,-2.32,-0.4,13.2,49142,6211,6893.72
8.48,9,8.97,9.02,8.98,9.02,0,33,32.94,32.48,99273,D,10.26,9.31,11.16,-0.51,30.73,49158,6210,6892.02
8.22,8.86,8.88,8.91,8.89,8.76,0,33.02,32.93,32.5,99273,D,12.69,11.61,12.13,-0.63,36.43,49141,6207,6892.59
7.96,8.62,8.69,8.73,8.48,8.57,0,32.97,32.92,32.53,99276,D,13.08,14.19,1.98,-0.65,29.25,49125,6209,6894.29
7.7,8.22,8.1,8.27,8.21,8.29,0,32.98,32.93,32.58,99273,D,10.28,16.52,-14.04,-0.51,12.76,49139,6206,6896.55
7.44,7.95,7.86,8.01,7.92,8.02,0,33,32.93,32.62,99271,D,10.2,18.57,-0.37,-0.51,28.41,49146,6207,6895.99
7.18,7.69,7.7,7.8,7.59,7.66,0,33.03,32.94,32.69,99271,D,10.09,20.6,-0.56,-0.5,30.13,49143,6211,6896.55
6.92,7.47,7.52,7.46,7.4,7.49,0,33.05,32.97,32.75,99268,D,10.92,22.7,4.13,-0.55,37.74,49135,6207,6896.55
6.66,7.26,7.29,7.26,7.2,7.3,0,33.11,32.99,32.81,99268,D,12.01,24.99,5.49,-0.6,42.5,49133,6208,6897.12
6.4,6.95,7.02,7.02,6.94,6.8,0,33.09,33.03,32.89,99272,D,10.85,27.28,-5.84,-0.54,32.29,49141,6207,6896.55
6.14,6.58,6.71,6.75,6.35,6.52,0,33.16,33.07,32.97,99274,D,8.78,29.24,-10.33,-0.44,27.7,49146,6207,6896.55
5.88,6.18,6.16,6.2,6.11,6.26,0,33.19,33.1,33.06,99271,D,6.01,30.72,-13.84,-0.3,22.89,49136,6204,6897.68
5.62,6,5.99,6.01,5.94,6.05,0,33.28,33.16,33.16,99272,D,7.46,32.07,7.25,-0.37,46.78,49159,6204,6898.25
5.36,5.81,5.84,5.85,5.78,5.77,0,33.34,33.19,33.26,99275,D,8.91,33.71,7.25,-0.45,49.87,49161,6203,6898.25
5.1,5.47,5.57,5.44,5.34,5.53,0,33.4,33.26,33.36,99276,D,7.32,35.33,-7.98,-0.37,34.66,49192,6205,6899.38
4.84,5.18,5.27,5.16,5.02,5.28,0,33.5,33.34,33.47,99279,D,6.81,36.74,-2.52,-0.34,41.04,49230,6207,6898.25
4.58,4.93,4.98,4.94,4.79,5.01,0,33.58,33.47,33.59,99276,D,6.93,38.12,0.61,-0.35,45.66,49272,6205,6901.08
4.32,4.64,4.73,4.69,4.58,4.55,0,33.66,33.51,33.71,99279,D,6.31,39.44,-3.1,-0.32,42.65,49336,6205,6902.79
4.06,4.2,4.22,4.2,4.06,4.33,0,33.77,33.64,33.84,99277,D,2.8,40.35,-17.55,-0.14,25.6,49357,6203,6902.79
3.8,3.98,4.02,3.99,3.83,4.09,0,33.85,33.72,33.97,99275,D,3.59,40.99,3.93,-0.18,48.51,49383,6205,6903.35
3.54,3.79,3.87,3.81,3.69,3.8,0,33.97,33.83,34.1,99274,D,5.04,41.86,7.25,-0.25,54.14,49395,6202,6903.92
3.28,3.5,3.66,3.44,3.3,3.61,0,34.11,33.94,34.24,99277,D,4.34,42.79,-3.49,-0.22,43.64,49420,6203,6904.49
3.02,3.24,3.37,3.2,3.03,3.37,0,34.24,34.08,34.36,99277,D,4.42,43.67,0.41,-0.22,48.51,49468,6202,6902.22
2.76,3,3.12,2.95,2.8,3.14,0,34.37,34.2,34.51,99275,D,4.78,44.59,1.78,-0.24,51.15,49483,6199,6903.35
2.5,2.72,2.86,2.75,2.56,2.7,0,34.53,34.32,34.66,99275,D,4.32,45.5,-2.32,-0.22,47.5,49502,6200,6902.79
2.24,2.31,2.37,2.29,2.09,2.5,0,34.64,34.46,34.8,99275,D,1.43,46.07,-14.43,-0.07,33.07,49539,6202,6903.35
1.72,1.98,2.02,1.93,1.8,2.16,0,34.96,34.76,35.11,99271,D,5.11,47.25,12.52,-0.26,64.88,49556,6199,6903.35
1.46,1.73,1.84,1.59,1.63,1.86,0,35.15,34.91,35.27,99275,D,5.31,48.29,1,-0.27,54.6,49601,6198,6904.49
1.2,1.41,1.55,1.36,1.12,1.62,0,35.28,35.06,35.42,99276,D,4.18,49.24,-5.64,-0.21,47.78,49615,6197,6904.49
0.94,1.16,1.26,1.12,0.9,1.35,0,35.47,35.22,35.58,99271,D,4.27,50.09,0.41,-0.21,54.77,49639,6196,6903.35
0.68,0.87,1.06,0.71,0.69,1.02,0,35.63,35.42,35.74,99277,D,3.72,50.89,-2.71,-0.19,51.9,49639,6200,6902.22
0.42,0.7,0.85,0.53,0.54,0.88,0,35.84,35.59,35.9,99275,D,5.53,51.81,9.01,-0.28,66.34,49655,6199,6901.08
0.16,0.41,0.46,0.37,0.14,0.68,0,36.01,35.77,36.07,99274,D,4.98,52.86,-2.71,-0.25,55.13,49688,6197,6900.52
-0.1,0.18,0.2,0.18,-0.11,0.46,0,36.19,35.95,36.24,99279,D,5.61,53.92,3.15,-0.28,62.68,49716,6199,6901.08
-0.36,-0.15,-0.02,-0.27,-0.33,0.03,0,36.41,36.16,36.42,99276,D,4.17,54.9,-7.2,-0.21,51.87,49729,6197,6899.95
-0.62,-0.38,-0.27,-0.5,-0.57,-0.18,0,36.59,36.34,36.59,99278,D,4.72,55.79,2.76,-0.24,63.27,49720,6200,6897.12
-0.88,-0.61,-0.48,-0.69,-0.92,-0.34,0,36.78,36.54,36.76,99280,D,5.43,56.8,3.54,-0.27,65.77,49768,6199,6918.14
-1.14,-0.85,-0.66,-1.06,-1.14,-0.52,0,36.99,36.73,36.95,99284,D,5.79,57.93,1.78,-0.29,65.49,49785,6197,6898.25
-1.4,-1.12,-0.92,-1.3,-1.36,-0.9,0,37.22,36.93,37.13,99279,D,5.56,59.06,-1.15,-0.28,63.47,49799,6198,6893.72
-1.66,-1.33,-1.15,-1.52,-1.56,-1.1,0,37.39,37.14,37.3,99279,D,6.5,60.27,4.71,-0.33,71.48,49796,6199,6894.85
-1.92,-1.67,-1.62,-1.72,-2.02,-1.31,0,37.59,37.31,37.5,99281,D,5.02,61.42,-7.4,-0.25,59.04,49814,6196,6889.2
-2.18,-1.98,-1.86,-2.13,-2.23,-1.7,0,37.78,37.52,37.69,99281,D,3.93,62.31,-5.45,-0.2,60.8,49831,6199,6889.2
-2.44,-2.15,-2.03,-2.31,-2.41,-1.85,0,38,37.73,37.88,99281,D,5.69,63.28,8.81,-0.28,77.78,49830,6194,6886.38
-2.7,-2.31,-2.2,-2.48,-2.57,-2,0,38.2,37.94,38.07,99276,D,7.73,64.62,10.18,-0.39,82.53,49853,6196,6885.25
-2.96,-2.65,-2.45,-2.92,-3.02,-2.22,0,38.39,38.13,38.27,99283,D,6.09,66,-8.18,-0.3,63.91,49862,6193,6883.55
-3.22,-2.96,-2.74,-3.16,-3.28,-2.66,0,38.6,38.35,38.45,99283,D,5.08,67.12,-5.05,-0.25,67.15,49838,6191,6874.54
-3.48,-3.17,-2.98,-3.36,-3.46,-2.87,0,38.83,38.55,38.65,99279,D,6.18,68.24,5.49,-0.31,79.92,49788,6190,6871.17
-3.74,-3.34,-3.16,-3.55,-3.62,-3.03,0,39.03,38.77,38.84,99279,D,7.98,69.66,9.01,-0.4,86.65,49769,6188,6866.11
-4,-3.63,-3.36,-3.95,-4.02,-3.21,0,39.27,38.95,39.05,99284,D,7.25,71.18,-3.69,-0.36,74.74,49760,6188,6861.06
-4.26,-4,-3.87,-4.15,-4.29,-3.68,0,39.49,39.21,39.24,99279,D,5.18,72.43,-10.33,-0.26,67.28,49726,6181,6853.23
-4.52,-4.21,-4.12,-4.37,-4.5,-3.87,0,39.72,39.44,39.44,99281,D,6.04,73.55,4.32,-0.3,83.91,49668,6176,6846.52
-4.78,-4.41,-4.28,-4.7,-4.66,-4.05,0,39.96,39.69,39.64,99280,D,7.06,74.86,5.1,-0.35,87.03,49610,6172,6837.62
-5.04,-4.67,-4.52,-4.89,-5.04,-4.24,0,40.22,39.91,39.83,99283,D,7.26,76.29,1,-0.36,84.56,49573,6166,6832.05
-5.3,-4.95,-4.78,-5.05,-5.29,-4.68,0,40.42,40.16,40.03,99289,D,6.92,77.71,-1.73,-0.35,82.89,49514,6159,6823.17
-5.56,-5.17,-5.04,-5.26,-5.49,-4.91,0,40.68,40.39,40.23,99286,D,7.66,79.17,3.73,-0.38,90.57,49437,6148,6813.2
-5.82,-5.43,-5.25,-5.7,-5.7,-5.09,0,40.95,40.66,40.44,99288,D,7.71,80.71,0.22,-0.39,88.63,49322,6139,6803.27
-6.08,-5.76,-5.52,-5.91,-6.15,-5.45,0,41.19,40.87,40.65,99284,D,6.38,82.12,-6.62,-0.32,81.88,49252,6128,6790.62
-6.34,-5.99,-5.76,-6.16,-6.37,-5.66,0,41.42,41.12,40.85,99288,D,6.98,83.45,2.95,-0.35,93.38,49145,6115,6778.02
-6.6,-6.28,-6.17,-6.54,-6.55,-5.84,0,41.69,41.35,41.06,99287,D,6.43,84.79,-2.71,-0.32,88.51,49011,6101,6760.02
-6.86,-6.48,-6.39,-6.74,-6.76,-6.02,0,41.96,41.63,41.26,99289,D,7.57,86.19,5.69,-0.38,99.45,48928,6088,6743.74
-7.12,-6.74,-6.65,-6.95,-6.98,-6.38,0,42.2,41.88,41.47,99293,D,7.5,87.7,-0.37,-0.37,94.83,48752,6069,6722.69
-7.38,-7.02,-6.89,-7.16,-7.41,-6.62,0,42.45,42.11,41.69,99287,D,7.11,89.16,-1.93,-0.36,94.34,48588,6048,6706.05
-7.64,-7.31,-7.15,-7.56,-7.66,-6.86,0,42.73,42.37,41.88,99289,D,6.61,90.53,-2.52,-0.33,94.62,48472,6031,6682.05
-7.9,-7.53,-7.37,-7.78,-7.89,-7.06,0,42.99,42.61,42.09,99285,D,7.39,91.93,3.93,-0.37,103.26,48299,6016,6661.38
-8.16,-7.78,-7.59,-8,-8.1,-7.42,0,43.26,42.86,42.29,99286,D,7.55,93.43,0.8,-0.38,101.79,48173,5996,6638.74
-8.42,-8.1,-7.84,-8.41,-8.53,-7.61,0,43.54,43.15,42.49,99288,D,6.35,94.82,-6.03,-0.32,95.13,48027,5977,6616.26
-8.68,-8.33,-8.07,-8.65,-8.75,-7.84,0,43.77,43.37,42.7,99292,D,7.02,96.15,3.34,-0.35,106.52,47877,5956,6596
-8.94,-8.59,-8.51,-8.84,-8.95,-8.05,0,44.06,43.65,42.9,99295,D,6.98,97.55,-0.17,-0.35,104.37,47782,5940,6571.23
-9.2,-8.84,-8.73,-9.04,-9.16,-8.43,0,44.33,43.9,43.1,99292,D,7.1,98.96,0.61,-0.36,106.68,47528,5912,6545.62
-9.46,-9.12,-8.97,-9.39,-9.48,-8.66,0,44.63,44.16,43.3,99293,D,6.68,100.34,-2.12,-0.33,104.9,47285,5876,6523.26
-9.72,-9.34,-9.2,-9.57,-9.71,-8.87,0,44.86,44.44,43.49,99291,D,7.62,101.77,4.71,-0.38,114.1,47086,5846,6502.05
-9.98,-9.57,-9.4,-9.71,-9.88,-9.27,0,45.13,44.69,43.69,99288,D,8.21,103.36,2.95,-0.41,114.52,46871,5812,6481.48
-10,-9.82,-9.61,-10.12,-10.09,-9.46,0,45.35,44.93,43.88,99298,D,3.63,104.54,-22.9,-0.18,85.27,46787,5779,6462.04
-10,-10.09,-9.9,-10.33,-10.49,-9.65,0,45.62,45.17,44.07,99296,D,-1.84,104.72,-27.34,0.09,75.54,46649,5750,6442.21
-10,-10.19,-10.02,-10.47,-10.54,-9.73,0,45.86,45.42,44.26,99299,D,-3.75,104.16,-9.57,0.19,90.84,46540,5726,6418.09
-10,-10.18,-10,-10.52,-10.5,-9.7,0,46.14,45.69,44.46,99296,D,-3.59,103.43,0.78,0.18,100.61,46447,5701,6399.02
-10,-10.2,-10.01,-10.53,-10.56,-9.71,0,46.41,45.92,44.65,99298,D,-4.06,102.66,-2.34,0.2,96.25,46403,5684,6380.07
-10,-10.27,-10.04,-10.63,-10.64,-9.78,0,46.66,46.12,44.84,99293,D,-5.47,101.71,-7.03,0.27,89.21,46282,5666,6363.64
-10,-10.4,-10.23,-10.75,-10.76,-9.88,0,46.94,46.41,45.03,99297,D,-8.05,100.36,-12.89,0.4,79.42,46169,5641,6348.25
-10,-10.42,-10.23,-10.77,-10.77,-9.92,0,47.23,46.68,45.21,99298,D,-8.44,98.71,-1.95,0.42,88.32,46090,5624,6330.07
-10,-10.39,-10.21,-10.75,-10.72,-9.88,0,47.49,46.9,45.4,99295,D,-7.81,97.08,3.12,0.39,92.4,45997,5602,6314.84
-10,-10.4,-10.23,-10.76,-10.73,-9.88,0,47.78,47.19,45.58,99297,D,-8.01,95.5,-0.98,0.4,86.52,45861,5581,6300.16
-10,-10.43,-10.23,-10.76,-10.78,-9.93,0,48.07,47.43,45.76,99298,D,-8.52,93.85,-2.54,0.43,82.79,45775,5561,6305.36
-10,-10.44,-10.23,-10.74,-10.8,-9.96,0,48.33,47.72,45.92,99299,D,-8.71,92.13,-0.98,0.44,82.44,45693,5545,6273.34
-10,-10.41,-10.23,-10.73,-10.77,-9.91,0,48.62,47.98,46.09,99297,D,-8.24,90.43,2.34,0.41,84.53,45647,5534,6263.05
-10,-10.38,-10.22,-10.73,-10.73,-9.84,0,48.92,48.26,46.26,99300,D,-7.58,88.85,3.32,0.38,84.59,45486,5518,6249.54
-10,-10.35,-10.2,-10.66,-10.7,-9.84,0,49.18,48.51,46.42,99298,D,-6.99,87.39,2.93,0.35,83.33,45411,5498,6237.47
-10,-10.33,-10.19,-10.64,-10.7,-9.81,0,49.48,48.81,46.58,99301,D,-6.68,86.02,1.56,0.33,80.91,45368,5488,6225.91
-10,-10.33,-10.11,-10.66,-10.7,-9.85,0,49.74,49.05,46.73,99303,D,-6.56,84.7,0.59,0.33,78.72,45286,5479,6216.7
-10,-10.29,-10.07,-10.65,-10.61,-9.85,0,50.04,49.31,46.88,99301,D,-5.9,83.45,3.32,0.29,80.88,45227,5461,6206.59
-10,-10.22,-10.02,-10.46,-10.55,-9.84,0,50.3,49.59,47.05,99301,D,-4.37,82.43,7.62,0.22,85.67,45187,5447,6197.43
-10,-10.14,-9.95,-10.45,-10.46,-9.72,0,50.61,49.87,47.2,99300,D,-2.89,81.7,7.42,0.14,86.23,45123,5440,6188.76
-10,-10.12,-9.95,-10.4,-10.43,-9.71,0,50.85,50.12,47.34,99302,D,-2.42,81.17,2.34,0.12,81.09,45083,5427,6181.47
-10,-10.13,-9.97,-10.38,-10.44,-9.75,0,51.13,50.41,47.49,99299,D,-2.66,80.66,-1.17,0.13,76.83,45064,5418,6172.39
-10,-10.1,-9.97,-10.36,-10.41,-9.65,0,51.39,50.68,47.62,99301,D,-1.95,80.2,3.52,0.1,81.76,44973,5400,6168.76
-10,-10.04,-9.91,-10.34,-10.29,-9.6,0,51.65,50.94,47.76,99303,D,-0.7,79.93,6.25,0.04,85.48,44947,5392,6158.36
-10,-10,-9.88,-10.29,-10.28,-9.57,0,51.91,51.19,47.89,99302,D,-0.08,79.86,3.12,0,82.9,44951,5382,6153.85
-10,-10,-9.87,-10.27,-10.28,-9.57,0,52.17,51.49,48.03,99304,D,0.08,79.86,0.78,0,80.72,44933,5372,6145.29
-10,-9.98,-9.85,-10.27,-10.27,-9.52,0,52.37,51.73,48.15,99301,D,0.43,79.91,1.76,-0.02,82.09,44965,5362,6139.9
-10,-9.95,-9.83,-10.25,-10.23,-9.5,0,52.64,51.98,48.29,99303,D,0.94,80.04,2.54,-0.05,83.52,44976,5350,6134.97
-10,-9.94,-9.84,-10.2,-10.21,-9.49,0,52.87,52.24,48.4,99305,D,1.25,80.26,1.56,-0.06,83.07,44963,5343,6128.7
-10,-9.93,-9.81,-10.18,-10.23,-9.52,0,53.11,52.45,48.53,99304,D,1.33,80.52,0.39,-0.07,82.24,45000,5333,6124.68
-10,-9.94,-9.78,-10.18,-10.23,-9.56,0,53.35,52.7,48.65,99309,D,1.21,80.77,-0.59,-0.06,81.4,45001,5323,6120.66
-10,-9.95,-9.79,-10.2,-10.24,-9.55,0,53.55,52.92,48.76,99305,D,1.09,81,-0.59,-0.05,81.51,45018,5320,6116.65
-10,-9.93,-9.79,-10.2,-10.23,-9.5,0,53.76,53.17,48.88,99303,D,1.41,81.25,1.56,-0.07,84.22,45066,5318,6110.87
-10,-9.92,-9.77,-10.21,-10.22,-9.5,0,53.97,53.38,48.99,99307,D,1.52,81.55,0.59,-0.08,83.66,45096,5318,6108.65
-10,-9.93,-9.78,-10.22,-10.19,-9.53,0,54.19,53.63,49.09,99308,D,1.41,81.84,-0.59,-0.07,82.66,45091,5308,6100.22
-10,-9.91,-9.78,-10.19,-10.14,-9.55,0,54.43,53.83,49.21,99305,D,1.72,82.15,1.56,-0.09,85.43,45077,5295,6097.56
-10,-9.9,-9.79,-10.15,-10.09,-9.56,0,54.59,54.07,49.32,99306,D,2.07,82.53,1.76,-0.1,86.36,45036,5280,6093.14
-10,-9.89,-9.78,-10.12,-10.09,-9.56,0,54.82,54.27,49.42,99306,D,2.23,82.96,0.78,-0.11,85.97,45020,5265,6091.37
-10,-9.91,-9.82,-10.14,-10.13,-9.55,0,55.02,54.51,49.52,99309,D,1.8,83.36,-2.15,-0.09,83.01,45009,5256,6086.07
-10,-9.94,-9.84,-10.2,-10.16,-9.57,0,55.23,54.71,49.63,99309,D,1.13,83.66,-3.32,-0.06,81.47,45013,5249,6084.31
-10,-9.95,-9.83,-10.23,-10.16,-9.57,0,55.39,54.93,49.74,99310,D,1.02,83.87,-0.59,-0.05,84.3,44936,5235,6079.91
-10,-9.92,-9.8,-10.22,-10.16,-9.52,0,55.6,55.17,49.84,99305,D,1.52,84.13,2.54,-0.08,88.19,44933,5225,6077.71
-10,-9.91,-9.82,-10.19,-10.11,-9.53,0,55.8,55.36,49.94,99305,D,1.76,84.45,1.17,-0.09,87.38,44863,5214,6076.39
-10,-9.93,-9.84,-10.2,-10.11,-9.56,0,55.99,55.58,50.04,99308,D,1.48,84.78,-1.37,-0.07,84.9,44805,5202,6072.44
-10,-9.96,-9.88,-10.19,-10.13,-9.63,0,56.15,55.78,50.13,99305,D,0.9,85.02,-2.93,-0.04,82.98,44781,5193,6068.93
-10,-9.98,-9.89,-10.19,-10.16,-9.67,0,56.35,55.97,50.23,99310,D,0.43,85.15,-2.34,-0.02,83.23,44790,5187,6068.49
-10,-9.96,-9.88,-10.18,-10.16,-9.6,0,56.55,56.17,50.33,99310,D,0.9,85.28,2.34,-0.04,88.52,44743,5175,6064.11
-10,-9.94,-9.86,-10.18,-10.14,-9.57,0,56.71,56.38,50.43,99313,D,1.25,85.5,1.76,-0.06,88.5,44735,5160,6062.79
-10,-9.96,-9.89,-10.2,-10.16,-9.59,0,56.88,56.57,50.53,99313,D,0.74,85.7,-2.54,-0.04,83.9,44670,5148,6059.73
-10,-9.98,-9.9,-10.16,-10.17,-9.69,0,57.07,56.76,50.63,99316,D,0.39,85.81,-1.76,-0.02,84.44,44652,5136,6055.8
-10,-9.97,-9.88,-10.12,-10.17,-9.7,0,57.26,56.95,50.72,99311,D,0.66,85.91,1.37,-0.03,87.95,44659,5129,6055.36
-10,-9.97,-9.88,-10.15,-10.19,-9.68,0,57.43,57.16,50.81,99309,D,0.51,86.03,-0.78,-0.03,85.76,44652,5125,6051
-10,-9.99,-9.9,-10.18,-10.22,-9.67,0,57.61,57.35,50.92,99312,D,0.16,86.1,-1.76,-0.01,84.5,44647,5119,6048.39
-10,-10,-9.91,-10.25,-10.24,-9.61,0,57.77,57.52,51.01,99311,D,-0.08,86.11,-1.17,0,84.86,44641,5109,6047.08
-10,-10.01,-9.94,-10.24,-10.24,-9.61,0,57.93,57.74,51.09,99312,D,-0.16,86.08,-0.39,0.01,85.54,44678,5097,6046.21
-10,-10.01,-9.94,-10.27,-10.2,-9.63,0,58.11,57.92,51.18,99311,D,-0.2,86.05,-0.2,0.01,85.66,44638,5090,6044.47
-10,-10.02,-9.95,-10.25,-10.23,-9.66,0,58.27,58.1,51.27,99313,D,-0.47,85.98,-1.37,0.02,84.15,44655,5083,6041.43
-10,-10.04,-9.97,-10.26,-10.22,-9.7,0,58.41,58.29,51.35,99312,D,-0.7,85.86,-1.17,0.04,83.99,44634,5073,6040.12
-10,-10.04,-9.95,-10.26,-10.24,-9.7,0,58.59,58.45,51.44,99311,D,-0.74,85.72,-0.2,0.04,84.78,44626,5063,6035.78
-10,-10.01,-9.91,-10.21,-10.21,-9.73,0,58.72,58.6,51.52,99314,D,-0.27,85.62,2.34,0.01,87.69,44654,5057,6032.32
-10,-10,-9.88,-10.2,-10.23,-9.67,0,58.88,58.79,51.61,99316,D,0.08,85.6,1.76,0,87.43,44667,5053,6035.35
-10,-10,-9.88,-10.2,-10.28,-9.64,0,59.01,58.97,51.68,99313,D,0,85.61,-0.39,0,85.22,44693,5050,6030.15
-10,-10.02,-9.91,-10.25,-10.3,-9.63,0,59.17,59.13,51.76,99317,D,-0.43,85.56,-2.15,0.02,82.98,44719,5045,6031.88
-10,-10.04,-9.91,-10.3,-10.28,-9.67,0,59.31,59.28,51.83,99318,D,-0.86,85.43,-2.15,0.04,82.43,44742,5037,6026.69
-10,-10.01,-9.91,-10.27,-10.22,-9.63,0,59.47,59.42,51.91,99316,D,-0.12,85.34,3.71,0.01,88.93,44757,5021,6024.53
-10,-9.99,-9.91,-10.24,-10.19,-9.62,0,59.61,59.61,52,99317,D,0.23,85.35,1.76,-0.01,87.34,44770,5007,6020.64
-10,-9.99,-9.94,-10.2,-10.2,-9.64,0,59.75,59.76,52.07,99314,D,0.12,85.38,-0.59,-0.01,84.91,44780,4999,6022.37
-10,-10.01,-9.92,-10.2,-10.24,-9.67,0,59.91,59.92,52.15,99317,D,-0.2,85.38,-1.56,0.01,83.62,44810,4990,6020.21
-10,-10,-9.91,-10.23,-10.2,-9.67,0,60.03,60.07,52.23,99316,D,-0.08,85.35,0.59,0,85.86,44812,4984,6017.62
-10,-9.99,-9.9,-10.24,-10.18,-9.65,0,60.18,60.25,52.31,99318,D,0.16,85.36,1.17,-0.01,86.68,44802,4971,6016.33
-10,-9.99,-9.91,-10.2,-10.16,-9.67,0,60.33,60.38,52.39,99317,D,0.27,85.4,0.59,-0.01,86.26,44805,4961,6013.75
-10,-9.98,-9.89,-10.14,-10.18,-9.7,0,60.45,60.54,52.47,99317,D,0.47,85.47,0.98,-0.02,86.92,44753,4956,6012.88
-10,-9.98,-9.89,-10.16,-10.14,-9.73,0,60.58,60.69,52.54,99315,D,0.39,85.56,-0.39,-0.02,85.56,44694,4944,6011.16
-10,-10,-9.9,-10.16,-10.19,-9.75,0,60.71,60.83,52.62,99320,D,0,85.6,-1.95,0,83.65,44665,4939,6008.15
-10,-9.99,-9.91,-10.16,-10.16,-9.74,0,60.82,60.98,52.69,99320,D,0.12,85.61,0.59,-0.01,86.31,44631,4929,6008.15
-10,-9.97,-9.89,-10.13,-10.14,-9.73,0,61,61.12,52.77,99320,D,0.59,85.68,2.34,-0.03,88.61,44592,4923,6006.01
-10,-9.96,-9.88,-10.15,-10.13,-9.68,0,61.13,61.25,52.84,99324,D,0.82,85.82,1.17,-0.04,87.81,44555,4914,6003.86
-10,-9.95,-9.89,-10.11,-10.13,-9.66,0,61.22,61.43,52.92,99320,D,1.02,86,0.98,-0.05,88,44519,4901,6006.44
-10,-9.97,-9.92,-10.09,-10.16,-9.71,0,61.37,61.55,52.99,99319,D,0.59,86.16,-2.15,-0.03,84.6,44511,4896,6001.71
-10,-9.99,-9.9,-10.12,-10.2,-9.73,0,61.48,61.7,53.06,99325,D,0.27,86.25,-1.56,-0.01,84.96,44457,4890,6003.43
-10,-9.98,-9.89,-10.12,-10.22,-9.71,0,61.61,61.82,53.13,99324,D,0.31,86.31,0.2,-0.02,86.82,44503,4888,5998.71
-10,-9.98,-9.88,-10.1,-10.2,-9.74,0,61.73,61.97,53.21,99325,D,0.43,86.38,0.59,-0.02,87.4,44472,4883,5997.86
-10,-9.97,-9.86,-10.08,-10.19,-9.74,0,61.88,62.12,53.28,99321,D,0.66,86.49,1.17,-0.03,88.33,44503,4881,5995.29
-10,-9.96,-9.86,-10.11,-10.18,-9.68,0,61.98,62.27,53.34,99323,D,0.86,86.65,0.98,-0.04,88.48,44511,4874,5994.01
-10,-9.99,-9.89,-10.16,-10.22,-9.68,0,62.12,62.38,53.41,99326,D,0.23,86.75,-3.12,-0.01,83.86,44532,4866,5992.3
-10,-10.01,-9.94,-10.2,-10.23,-9.67,0,62.22,62.51,53.48,99324,D,-0.23,86.75,-2.34,0.01,84.18,44572,4857,5991.01
-10,-10.01,-9.92,-10.22,-10.23,-9.69,0,62.35,62.63,53.56,99323,D,-0.27,86.7,-0.2,0.01,86.23,44555,4850,5987.6
-10,-10.01,-9.92,-10.21,-10.2,-9.7,0,62.48,62.76,53.63,99325,D,-0.16,86.66,0.59,0.01,87.09,44551,4844,5990.16
-10,-10,-9.94,-10.15,-10.19,-9.73,0,62.57,62.9,53.69,99322,D,0,86.65,0.78,0,87.43,44551,4839,5988.02
-10,-9.98,-9.89,-10.12,-10.2,-9.7,0,62.69,63.04,53.75,99320,D,0.47,86.69,2.34,-0.02,89.5,44536,4836,5983.33
-10,-9.99,-9.91,-10.16,-10.19,-9.71,0,62.82,63.17,53.82,99322,D,0.2,86.76,-1.37,-0.01,85.59,44573,4831,5984.61
-10,-10,-9.91,-10.19,-10.2,-9.7,0,62.91,63.27,53.88,99321,D,0.04,86.78,-0.78,0,86.04,44567,4826,5983.76
-10,-9.99,-9.91,-10.22,-10.16,-9.66,0,63.02,63.4,53.94,99324,D,0.2,86.81,0.78,-0.01,87.78,44541,4816,5981.2
-10,-10.01,-9.94,-10.23,-10.18,-9.67,0,63.16,63.52,54,99326,D,-0.12,86.81,-1.56,0.01,85.13,44562,4814,5979.07
-10,-10.04,-9.94,-10.24,-10.25,-9.71,0,63.28,63.65,54.06,99323,D,-0.7,86.73,-2.93,0.04,83.1,44517,4811,5976.1
-10,-10.03,-9.92,-10.23,-10.23,-9.74,0,63.4,63.78,54.12,99323,D,-0.63,86.6,0.39,0.03,86.36,44535,4803,5975.25
-10,-9.99,-9.92,-10.19,-10.13,-9.71,0,63.49,63.9,54.19,99323,D,0.27,86.56,4.49,-0.01,91.33,44502,4795,5976.52
-10,-9.96,-9.91,-10.14,-10.09,-9.7,0,63.57,64,54.25,99325,D,0.78,86.67,2.54,-0.04,89.99,44451,4786,5972.27
-10,-9.98,-9.9,-10.1,-10.13,-9.78,0,63.69,64.13,54.3,99327,D,0.43,86.79,-1.76,-0.02,85.46,44464,4779,5972.27
-10,-10,-9.92,-10.15,-10.19,-9.76,0,63.81,64.25,54.36,99323,D,-0.08,86.82,-2.54,0,84.21,44431,4771,5970.57
-10,-10.01,-9.95,-10.19,-10.16,-9.76,0,63.92,64.33,54.41,99323,D,-0.27,86.79,-0.98,0.01,85.54,44437,4767,5969.3
-10,-9.99,-9.9,-10.19,-10.13,-9.73,0,64.03,64.44,54.46,99321,D,0.23,86.79,2.54,-0.01,89.56,44393,4762,5968.88
-10,-9.98,-9.9,-10.22,-10.13,-9.68,0,64.14,64.54,54.54,99325,D,0.35,86.84,0.59,-0.02,87.78,44376,4758,5966.33
-10,-9.99,-9.91,-10.22,-10.16,-9.67,0,64.25,64.67,54.6,99323,D,0.23,86.9,-0.59,-0.01,86.55,44328,4749,5965.91
-10,-10,-9.91,-10.22,-10.18,-9.67,0,64.33,64.77,54.66,99327,D,0.08,86.93,-0.78,0,86.23,44290,4743,5962.94
-10,-10,-9.9,-10.23,-10.16,-9.7,0,64.43,64.87,54.71,99328,D,0.08,86.95,0,0,87.03,44269,4737,5962.94
-10,-9.99,-9.91,-10.22,-10.16,-9.68,0,64.5,64.98,54.76,99329,D,0.2,86.98,0.59,-0.01,87.76,44215,4735,5962.52
-10,-9.99,-9.9,-10.23,-10.19,-9.66,0,64.63,65.07,54.83,99326,D,0.12,87.01,-0.39,-0.01,86.73,44195,4734,5962.52
-10,-10.01,-9.91,-10.23,-10.18,-9.7,0,64.72,65.19,54.89,99330,D,-0.12,87.01,-1.17,0.01,85.72,44171,4732,5959.98
-10,-10,-9.9,-10.23,-10.16,-9.72,0,64.8,65.27,54.94,99329,D,0,87,0.59,0,87.58,44133,4727,5957.45
-10,-9.99,-9.9,-10.21,-10.13,-9.7,0,64.9,65.36,54.99,99327,D,0.27,87.02,1.37,-0.01,88.66,44087,4723,5957.02
-10,-9.97,-9.89,-10.2,-10.13,-9.67,0,64.96,65.46,55.05,99329,D,0.59,87.11,1.56,-0.03,89.26,44045,4718,5956.6
-10,-9.97,-9.9,-10.2,-10.13,-9.68,0,65.06,65.56,55.1,99327,D,0.51,87.22,-0.39,-0.03,87.34,43979,4706,5954.91
-10,-9.98,-9.89,-10.18,-10.14,-9.7,0,65.16,65.65,55.15,99328,D,0.47,87.32,-0.2,-0.02,87.59,43931,4701,5954.07
-10,-9.96,-9.9,-10.15,-10.14,-9.67,0,65.25,65.75,55.21,99329,D,0.7,87.43,1.17,-0.04,89.31,43962,4699,5953.65
-10,-9.95,-9.88,-10.16,-10.14,-9.63,0,65.33,65.84,55.25,99328,D,0.94,87.6,1.17,-0.05,89.71,43928,4693,5949.85
-10,-9.97,-9.9,-10.16,-10.16,-9.65,0,65.4,65.92,55.31,99330,H,0.63,87.75,-1.56,-0.03,86.82,43903,4685,5948.17
-9.8,-9.97,-9.91,-10.14,-10.13,-9.7,0,65.5,66.03,55.37,99328,A,-3.41,87.48,-20.2,0.17,63.87,43862,4678,5946.06
-9.6,-9.96,-9.91,-10.11,-10.11,-9.7,0,65.58,66.11,55.41,99328,A,-7.18,86.42,-18.83,0.36,60.41,43869,4676,5944.38
-9.4,-9.81,-9.77,-9.89,-10.01,-9.59,0,65.68,66.19,55.46,99327,A,-8.29,84.87,-5.55,0.41,71.03,43884,4672,5938.91
-9.2,-9.64,-9.55,-9.73,-9.84,-9.44,0,65.78,66.32,55.52,99330,A,-8.81,83.16,-2.62,0.44,71.73,43880,4671,5935.98
-9,-9.38,-9.34,-9.6,-9.52,-9.05,0,65.87,66.42,55.57,99331,A,-7.54,81.52,6.37,0.38,80.35,43853,4670,5933.88
-8.8,-9.22,-9.07,-9.52,-9.39,-8.9,0,65.98,66.53,55.63,99333,A,-8.37,79.93,-4.18,0.42,67.38,43846,4671,5930.95
-8.6,-9.13,-9,-9.38,-9.32,-8.81,0,66.06,66.61,55.68,99330,A,-10.54,78.04,-10.82,0.53,56.68,43835,4668,5926.76
-8.4,-9.02,-8.87,-9.26,-9.22,-8.72,0,66.16,66.72,55.72,99334,A,-12.31,75.76,-8.87,0.62,54.58,43846,4666,5922.58
-8.2,-8.74,-8.65,-9.1,-8.84,-8.37,0,66.25,66.84,55.77,99334,A,-10.77,73.45,7.73,0.54,70.42,43830,4668,5919.24
-8,-8.47,-8.4,-8.71,-8.59,-8.16,0,66.35,66.93,55.82,99331,A,-9.34,71.44,7.15,0.47,69.25,43816,4665,5916.74
-7.8,-8.3,-8.26,-8.5,-8.44,-8.02,0,66.43,67.04,55.87,99333,A,-10.09,69.5,-3.79,0.5,55.61,43820,4660,5913.83
-7.6,-8.2,-8.13,-8.4,-8.35,-7.93,0,66.51,67.1,55.92,99335,A,-12.06,67.28,-9.84,0.6,45.37,43832,4656,5912.16
-7.4,-7.96,-7.97,-8.24,-7.99,-7.66,0,66.62,67.22,55.96,99332,A,-11.3,64.94,3.83,0.56,57.47,43830,4655,5906.34
-7.2,-7.68,-7.72,-7.8,-7.77,-7.43,0,66.71,67.33,56,99330,A,-9.59,62.85,8.52,0.48,61.78,43893,4658,5906.76
-7,-7.45,-7.45,-7.59,-7.55,-7.2,0,66.81,67.45,56.04,99331,A,-9.02,60.99,2.85,0.45,54.82,43906,4658,5899.71
-6.8,-7.25,-7.09,-7.45,-7.42,-7.05,0,66.89,67.54,56.07,99329,A,-9.04,59.19,-0.08,0.45,50.07,43899,4660,5898.05
-6.6,-6.98,-6.91,-7.16,-7.09,-6.76,0,66.98,67.63,56.1,99331,A,-7.61,57.52,7.15,0.38,57.06,43947,4661,5896.39
-6.4,-6.79,-6.71,-6.98,-6.91,-6.58,0,67.05,67.74,56.13,99335,A,-7.9,55.97,-1.45,0.39,46.63,43984,4664,5891.84
-6.2,-6.62,-6.54,-6.83,-6.73,-6.4,0,67.14,67.81,56.15,99338,A,-8.5,54.33,-3.01,0.42,42.82,44009,4667,5888.54
-6,-6.38,-6.3,-6.66,-6.52,-6.03,0,67.2,67.91,56.17,99331,A,-7.54,52.73,4.8,0.38,49.99,44103,4670,5883.59
-5.8,-6.1,-6.06,-6.21,-6.31,-5.81,0,67.3,68.01,56.18,99331,A,-5.99,51.37,7.73,0.3,53.12,44158,4675,5880.29
-5.6,-5.84,-5.84,-6.02,-5.87,-5.63,0,67.36,68.11,56.2,99330,A,-4.76,50.3,6.17,0.24,51.71,44193,4679,5878.65
-5.4,-5.68,-5.66,-5.85,-5.72,-5.48,0,67.4,68.19,56.21,99330,A,-5.52,49.27,-3.79,0.28,39.97,44210,4681,5875.77
-5.2,-5.46,-5.5,-5.53,-5.6,-5.19,0,67.46,68.27,56.22,99328,A,-5.1,48.21,2.07,0.26,45.18,44264,4687,5874.13
-5,-5.21,-5.3,-5.34,-5.2,-5.02,0,67.53,68.34,56.24,99326,A,-4.22,47.28,4.41,0.21,47.47,44308,4693,5870.02
-4.8,-4.99,-4.89,-5.19,-5.03,-4.84,0,67.59,68.42,56.24,99330,A,-3.73,46.48,2.46,0.19,45.22,44360,4701,5867.97
-4.6,-4.83,-4.7,-5.03,-4.87,-4.7,0,67.64,68.51,56.25,99329,A,-4.52,45.66,-3.98,0.23,37.15,44386,4705,5865.92
-4.4,-4.58,-4.52,-4.66,-4.73,-4.41,0,67.65,68.58,56.23,99329,A,-3.68,44.84,4.22,0.18,45.38,44425,4711,5860.6
-4.2,-4.32,-4.3,-4.45,-4.31,-4.2,0,67.7,68.65,56.23,99333,A,-2.33,44.24,6.76,0.12,48.67,44456,4718,5861.42
-4,-4.15,-4.11,-4.29,-4.15,-4.05,0,67.71,68.7,56.23,99334,A,-3.01,43.7,-3.4,0.15,37.3,44494,4724,5859.38
-3.8,-3.97,-3.97,-3.97,-4.02,-3.92,0,67.76,68.77,56.23,99335,A,-3.41,43.06,-2.03,0.17,37.62,44534,4733,5858.15
-3.6,-3.77,-3.8,-3.82,-3.84,-3.61,0,67.75,68.83,56.22,99331,A,-3.39,42.38,0.12,0.17,39.11,44599,4740,5853.66
-3.4,-3.54,-3.59,-3.67,-3.47,-3.41,0,67.78,68.87,56.22,99335,A,-2.7,41.77,3.44,0.14,42.51,44633,4750,5853.25
-3.2,-3.38,-3.42,-3.52,-3.31,-3.25,0,67.81,68.92,56.2,99327,A,-3.54,41.15,-4.18,0.18,33.43,44692,4760,5851.21
-3,-3.09,-3.07,-3.17,-3.17,-2.94,0,67.83,68.96,56.2,99331,A,-1.76,40.62,8.91,0.09,47.77,44751,4765,5849.17
-2.8,-2.92,-2.86,-3.03,-3.02,-2.77,0,67.8,69.03,56.18,99335,A,-2.4,40.2,-3.2,0.12,34.6,44832,4776,5847.95
-2.6,-2.76,-2.75,-2.91,-2.73,-2.66,0,67.8,69.06,56.17,99335,A,-3.23,39.64,-4.18,0.16,32.23,44925,4784,5847.14
-2.4,-2.59,-2.6,-2.62,-2.57,-2.55,0,67.81,69.07,56.14,99334,A,-3.72,38.94,-2.42,0.19,32.8,45001,4795,5845.51
-2.2,-2.36,-2.38,-2.46,-2.39,-2.2,0,67.79,69.13,56.12,99333,A,-3.15,38.26,2.85,0.16,37.96,45086,4805,5840.23
-2,-2.18,-2.21,-2.27,-2.23,-2.02,0,67.77,69.15,56.1,99333,A,-3.63,37.58,-2.42,0.18,31.52,45176,4816,5843.07
-1.8,-1.98,-2.01,-2.14,-1.9,-1.89,0,67.75,69.15,56.08,99332,A,-3.69,36.85,-0.27,0.18,32.89,45262,4827,5839.42
-1.6,-1.77,-1.83,-1.82,-1.72,-1.73,0,67.75,69.18,56.05,99332,A,-3.47,36.13,1.09,0.17,33.76,45344,4839,5838.6
-1.4,-1.53,-1.49,-1.67,-1.55,-1.41,0,67.75,69.22,56.03,99331,A,-2.59,35.53,4.41,0.13,37.35,45383,4847,5839.01
-1.2,-1.38,-1.33,-1.52,-1.43,-1.27,0,67.74,69.2,56,99329,A,-3.7,34.9,-5.55,0.18,25.66,45428,4859,5838.2
-1,-1.18,-1.19,-1.23,-1.16,-1.15,0,67.69,69.22,55.98,99331,A,-3.67,34.16,0.12,0.18,30.61,45496,4871,5836.98
-0.8,-0.97,-0.99,-1.1,-0.97,-0.84,0,67.67,69.24,55.95,99330,A,-3.49,33.44,0.9,0.17,30.85,45556,4886,5836.58
-0.6,-0.81,-0.83,-0.93,-0.8,-0.7,0,67.65,69.26,55.92,99330,A,-4.29,32.67,-3.98,0.21,24.39,45640,4898,5837.39
-0.4,-0.66,-0.66,-0.77,-0.66,-0.54,0,67.6,69.27,55.89,99327,A,-5.16,31.72,-4.37,0.26,22.18,45752,4910,5836.58
-0.2,-0.39,-0.46,-0.45,-0.29,-0.38,0,67.58,69.25,55.86,99332,A,-3.89,30.82,6.37,0.19,33.29,45877,4932,5837.39
-0.18,-0.16,-0.27,-0.23,-0.1,-0.03,0,67.56,69.27,55.81,99329,A,0.43,30.47,21.6,-0.02,52.5,45915,4948,5836.98
-0.18,0.01,0.03,-0.09,0.02,0.07,0,67.49,69.23,55.78,99332,A,3.79,30.89,16.8,-0.19,51.48,45960,4957,5843.07
-0.18,0.04,0.01,0.01,0.05,0.08,0,67.44,69.23,55.75,99326,A,4.3,31.7,2.54,-0.21,38.54,45996,4965,5846.73
-0.18,-0.05,-0.08,-0.07,-0.06,0,0,67.36,69.18,55.71,99328,A,2.54,32.38,-8.79,-0.13,26.13,46027,4972,5846.73
-0.18,-0.08,-0.09,-0.1,-0.09,-0.05,0,67.27,69.14,55.67,99327,A,1.95,32.83,-2.93,-0.1,31.86,46087,4980,5848.36
-0.18,-0.01,0,-0.07,-0.01,0.04,0,67.21,69.1,55.63,99330,A,3.4,33.37,7.23,-0.17,43.99,46146,4993,5849.99
-0.18,0.11,0.11,0.1,0.09,0.13,0,67.11,69.07,55.6,99327,A,5.74,34.28,11.72,-0.29,51.74,46211,5007,5852.44
-0.18,0.17,0.15,0.15,0.17,0.2,0,67.02,69.02,55.57,99335,A,6.91,35.55,5.86,-0.35,48.32,46251,5021,5858.15
-0.18,0.12,0.13,0.13,0.11,0.1,0,66.95,68.94,55.54,99331,A,5.94,36.83,-4.88,-0.3,37.89,46262,5030,5862.24
-0.18,0.03,-0.01,0.02,0.04,0.05,0,66.87,68.91,55.51,99332,A,4.1,37.84,-9.18,-0.21,32.76,46281,5041,5865.1
-0.18,0.02,0.02,0.02,0.01,0.03,0,66.74,68.84,55.48,99333,A,3.98,38.65,-0.59,-0.2,42.04,46353,5055,5864.69
-0.18,0.08,0.07,0.05,0.09,0.13,0,66.69,68.8,55.46,99334,A,5.27,39.57,6.45,-0.26,51.29,46422,5072,5867.15
-0.18,0.11,0.09,0.09,0.09,0.15,0,66.59,68.73,55.45,99333,A,5.74,40.67,2.34,-0.29,48.76,46444,5081,5873.72
-0.18,0.05,0.04,0.04,0.05,0.09,0,66.5,68.66,55.42,99334,A,4.69,41.72,-5.27,-0.23,41.13,46501,5094,5877.83
-0.18,-0.02,-0.04,-0.01,-0.05,0.02,0,66.42,68.6,55.42,99337,A,3.16,42.5,-7.62,-0.16,38.05,46523,5101,5881.94
-0.18,-0.07,-0.09,-0.08,-0.08,-0.04,0,66.32,68.51,55.41,99335,A,2.15,43.03,-5.08,-0.11,40.1,46577,5109,5885.65
-0.18,-0.06,-0.09,-0.07,-0.06,-0.03,0,66.22,68.45,55.4,99335,A,2.3,43.48,0.78,-0.12,46.56,46693,5123,5888.95
-0.18,-0.04,-0.03,-0.06,-0.06,-0.01,0,66.15,68.38,55.4,99332,A,2.77,43.99,2.34,-0.14,49.1,46804,5140,5893.91
-0.18,-0.06,-0.07,-0.07,-0.1,0,0,66.08,68.33,55.39,99335,A,2.38,44.5,-1.95,-0.12,44.93,46861,5149,5900.12
-0.18,-0.1,-0.09,-0.11,-0.13,-0.09,0,66,68.28,55.4,99336,A,1.52,44.89,-4.3,-0.08,42.12,46893,5165,5904.68
-0.18,-0.14,-0.14,-0.16,-0.18,-0.1,0,65.94,68.21,55.4,99337,A,0.7,45.11,-4.1,-0.04,41.72,46958,5174,5907.59
-0.18,-0.16,-0.16,-0.16,-0.2,-0.13,0,65.88,68.15,55.4,99334,A,0.43,45.23,-1.37,-0.02,44.29,46943,5185,5910.08
-0.18,-0.16,-0.16,-0.17,-0.19,-0.13,0,65.81,68.08,55.41,99333,A,0.31,45.3,-0.59,-0.02,45.03,46990,5198,5916.74
-0.18,-0.17,-0.16,-0.2,-0.2,-0.13,0,65.77,68.02,55.42,99335,A,0.16,45.35,-0.78,-0.01,44.72,47016,5206,5923
-0.18,-0.19,-0.17,-0.2,-0.23,-0.15,0,65.68,67.98,55.43,99335,A,-0.12,45.35,-1.37,0.01,43.87,47019,5214,5924.67
-0.18,-0.21,-0.2,-0.23,-0.25,-0.16,0,65.64,67.93,55.44,99331,A,-0.63,45.28,-2.54,0.03,42.11,46996,5220,5928.44
-0.18,-0.22,-0.2,-0.26,-0.26,-0.18,0,65.59,67.88,55.45,99333,A,-0.86,45.13,-1.17,0.04,43.1,47023,5233,5935.14
-0.18,-0.22,-0.2,-0.25,-0.26,-0.18,0,65.55,67.82,55.47,99332,A,-0.82,44.96,0.2,0.04,44.34,47002,5239,5940.59
-0.18,-0.22,-0.21,-0.23,-0.26,-0.17,0,65.52,67.79,55.47,99332,A,-0.74,44.81,0.39,0.04,44.45,46997,5247,5948.59
-0.18,-0.23,-0.22,-0.25,-0.3,-0.17,0,65.48,67.73,55.48,99331,A,-1.09,44.62,-1.76,0.05,41.77,46985,5248,5954.49
-0.18,-0.24,-0.22,-0.27,-0.3,-0.18,0,65.42,67.7,55.49,99332,A,-1.29,44.38,-0.98,0.06,42.12,47030,5255,5957.02
-0.18,-0.24,-0.22,-0.28,-0.3,-0.16,0,65.4,67.65,55.51,99331,A,-1.25,44.13,0.2,0.06,43.08,47028,5260,5965.49
-0.18,-0.24,-0.23,-0.27,-0.3,-0.16,0,65.38,67.63,55.52,99334,A,-1.25,43.88,0,0.06,42.63,47036,5262,5973.97
-0.18,-0.24,-0.21,-0.27,-0.31,-0.15,0,65.36,67.6,55.52,99335,A,-1.13,43.64,0.59,0.06,43.1,47096,5269,5979.92
-0.18,-0.22,-0.2,-0.27,-0.26,-0.15,0,65.35,67.54,55.53,99337,A,-0.82,43.45,1.56,0.04,44.19,47160,5277,5987.17
-0.18,-0.21,-0.2,-0.25,-0.25,-0.15,0,65.3,67.51,55.53,99332,A,-0.63,43.3,0.98,0.03,43.65,47219,5286,5991.01
-0.18,-0.22,-0.18,-0.22,-0.3,-0.17,0,65.28,67.48,55.53,99336,A,-0.74,43.17,-0.59,0.04,41.84,47205,5295,6000.86
-0.18,-0.23,-0.2,-0.27,-0.28,-0.16,0,65.28,67.44,55.54,99335,A,-1.02,42.99,-1.37,0.05,40.61,47176,5297,6006.86
-0.18,-0.21,-0.2,-0.26,-0.27,-0.11,0,65.24,67.4,55.54,99332,A,-0.59,42.83,2.15,0.03,44.39,47164,5304,6016.33
-0.18,-0.2,-0.16,-0.26,-0.27,-0.1,0,65.23,67.37,55.55,99340,A,-0.35,42.74,1.17,0.02,43.56,47178,5312,6024.1
-0.18,-0.19,-0.16,-0.24,-0.26,-0.09,0,65.25,67.37,55.55,99335,A,-0.16,42.68,0.98,0.01,43.51,47209,5318,6034.92
-0.18,-0.2,-0.17,-0.24,-0.28,-0.09,0,65.21,67.33,55.53,99337,A,-0.35,42.63,-0.98,0.02,41.31,47226,5330,6043.17
-0.18,-0.19,-0.16,-0.25,-0.25,-0.09,0,65.21,67.29,55.52,99334,A,-0.2,42.58,0.78,0.01,43.17,47223,5336,6054.93
-0.18,-0.18,-0.15,-0.24,-0.24,-0.09,0,65.17,67.25,55.52,99334,A,-0.04,42.56,0.78,0,43.3,47263,5342,6062.36
-0.18,-0.19,-0.17,-0.23,-0.26,-0.09,0,65.18,67.23,55.51,99333,A,-0.12,42.54,-0.39,0.01,42.03,47304,5355,6072.44
-0.18,-0.17,-0.16,-0.22,-0.23,-0.09,0,65.16,67.18,55.5,99335,A,0.12,42.54,1.17,-0.01,43.83,47358,5361,6081.67
-0.18,-0.18,-0.15,-0.22,-0.23,-0.1,0,65.13,67.16,55.49,99332,A,0.08,42.56,-0.2,0,42.44,47394,5371,6087.84
-0.18,-0.16,-0.16,-0.22,-0.21,-0.05,0,65.12,67.12,55.5,99333,A,0.43,42.61,1.76,-0.02,44.8,47411,5385,6096.68
-0.18,-0.16,-0.15,-0.2,-0.23,-0.05,0,65.12,67.09,55.5,99333,A,0.43,42.7,0,-0.02,43.13,47421,5390,6109.98
-0.18,-0.16,-0.16,-0.21,-0.25,-0.04,0,65.09,67.06,55.49,99332,A,0.31,42.77,-0.59,-0.02,42.5,47409,5395,6123.79
-0.18,-0.17,-0.16,-0.23,-0.25,-0.04,0,65.07,67.02,55.48,99333,A,0.23,42.83,-0.39,-0.01,42.67,47464,5407,6136.31
-0.18,-0.16,-0.14,-0.23,-0.24,-0.04,0,65.05,67.01,55.47,99333,A,0.35,42.88,0.59,-0.02,43.82,47474,5411,6152.49
-0.18,-0.17,-0.15,-0.24,-0.26,-0.02,0,65.05,66.95,55.47,99338,A,0.23,42.94,-0.59,-0.01,42.59,47544,5421,6171.03
-0.18,-0.16,-0.15,-0.24,-0.23,-0.03,0,65.03,66.94,55.45,99334,A,0.31,43,0.39,-0.02,43.7,47557,5427,6182.84
-0.18,-0.16,-0.16,-0.23,-0.23,-0.04,0,65.03,66.87,55.44,99336,A,0.31,43.06,0,-0.02,43.37,47627,5435,6198.8
-0.18,-0.16,-0.14,-0.24,-0.23,-0.03,0,65,66.85,55.42,99332,A,0.39,43.13,0.39,-0.02,43.91,47633,5445,6212.56
-0.18,-0.15,-0.13,-0.24,-0.22,-0.02,0,64.99,66.81,55.4,99335,A,0.55,43.22,0.78,-0.03,44.55,47647,5458,6227.76
-0.18,-0.15,-0.15,-0.23,-0.22,-0.02,0,64.98,66.8,55.38,99337,A,0.51,43.33,-0.2,-0.03,43.64,47673,5468,6243.96
-0.18,-0.16,-0.16,-0.23,-0.21,-0.05,0,64.97,66.76,55.37,99337,A,0.35,43.42,-0.78,-0.02,42.99,47655,5476,6259.31
-0.18,-0.16,-0.15,-0.23,-0.22,-0.04,0,64.94,66.7,55.34,99335,A,0.39,43.49,0.2,-0.02,44.08,47716,5488,6270.06
-0.18,-0.16,-0.15,-0.24,-0.23,-0.03,0,64.94,66.67,55.32,99335,A,0.31,43.56,-0.39,-0.02,43.48,47733,5505,6283.19
-0.18,-0.16,-0.16,-0.22,-0.22,-0.03,0,64.92,66.66,55.3,99338,A,0.47,43.64,0.78,-0.02,44.89,47757,5518,6296.85
-0.18,-0.16,-0.16,-0.2,-0.24,-0.04,0,64.92,66.63,55.28,99334,A,0.35,43.72,-0.59,-0.02,43.49,47837,5532,6309.15
-0.18,-0.16,-0.16,-0.22,-0.22,-0.04,0,64.88,66.55,55.26,99334,A,0.43,43.8,0.39,-0.02,44.62,47895,5546,6321.49
-0.18,-0.16,-0.17,-0.22,-0.2,-0.04,0,64.88,66.53,55.23,99335,A,0.43,43.88,0,-0.02,44.31,47929,5564,6334.36
-0.18,-0.17,-0.14,-0.23,-0.23,-0.05,0,64.86,66.48,55.21,99330,A,0.27,43.95,-0.78,-0.01,43.45,47925,5575,6347.77
-0.18,-0.18,-0.17,-0.25,-0.25,-0.04,0,64.84,66.43,55.2,99331,A,0.04,43.99,-1.17,0,42.85,47879,5589,6362.67
-0.18,-0.19,-0.16,-0.27,-0.25,-0.09,0,64.83,66.41,55.18,99333,A,-0.23,43.97,-1.37,0.01,42.36,47860,5603,6382.01
-0.18,-0.19,-0.17,-0.27,-0.27,-0.05,0,64.83,66.37,55.16,99336,A,-0.27,43.92,-0.2,0.01,43.45,47843,5614,6393.67
-0.18,-0.18,-0.16,-0.27,-0.24,-0.05,0,64.8,66.31,55.14,99338,A,0.04,43.89,1.56,0,45.49,47866,5638,6404.39
-0.18,-0.18,-0.16,-0.28,-0.23,-0.05,0,64.77,66.27,55.12,99335,A,-0.04,43.89,-0.39,0,43.46,47871,5660,6427.42
-0.18,-0.2,-0.2,-0.27,-0.27,-0.04,0,64.76,66.24,55.09,99338,A,-0.31,43.86,-1.37,0.02,42.18,47892,5673,6443.69
-0.18,-0.19,-0.2,-0.27,-0.23,-0.04,0,64.77,66.16,55.07,99336,A,-0.16,43.81,0.78,0.01,44.43,47888,5688,6465.52
-0.18,-0.2,-0.2,-0.29,-0.26,-0.05,0,64.72,66.13,55.04,99335,A,-0.35,43.76,-0.98,0.02,42.43,47878,5708,6489.49
-0.18,-0.21,-0.2,-0.27,-0.29,-0.06,0,64.71,66.09,55.01,99336,A,-0.51,43.67,-0.78,0.03,42.38,47888,5726,6507.09
-0.18,-0.2,-0.18,-0.27,-0.28,-0.06,0,64.68,66.06,54.97,99337,A,-0.39,43.58,0.59,0.02,43.78,47870,5745,6523.26
-0.18,-0.21,-0.2,-0.28,-0.29,-0.05,0,64.69,66.02,54.94,99336,A,-0.51,43.49,-0.59,0.03,42.4,47897,5766,6544.6
-0.18,-0.18,-0.16,-0.27,-0.25,-0.03,0,64.65,65.98,54.91,99336,A,0,43.44,2.54,0,45.98,47969,5784,6563.53
-0.18,-0.18,-0.16,-0.27,-0.25,-0.03,0,64.64,65.92,54.88,99338,A,0,43.44,0,0,43.44,48008,5808,6578.95
-0.18,-0.18,-0.17,-0.27,-0.25,-0.04,0,64.6,65.87,54.86,99338,A,-0.04,43.44,-0.2,0,43.2,48070,5828,6594.96
-0.18,-0.19,-0.17,-0.27,-0.3,-0.04,0,64.59,65.84,54.83,99336,A,-0.27,43.41,-1.17,0.01,41.96,48102,5846,6612.61
-0.18,-0.2,-0.17,-0.29,-0.28,-0.05,0,64.57,65.78,54.8,99338,H,-0.39,43.34,-0.59,0.02,42.36,48203,5871,6623.56
-0.18,-0.19,-0.16,-0.29,-0.25,-0.05,0,64.54,65.73,54.77,99335,H,-0.16,43.29,1.17,0.01,44.3,48368,5898,6630.88
-0.18,-0.18,-0.16,-0.27,-0.24,-0.04,0,64.52,65.69,54.75,99338,H,0,43.27,0.78,0,44.05,48490,5926,6641.89
-0.18,-0.17,-0.17,-0.26,-0.24,-0.02,0,64.51,65.62,54.72,99339,H,0.16,43.29,0.78,-0.01,44.22,48609,5959,6657.16
-0.18,-0.17,-0.16,-0.25,-0.25,-0.02,0,64.49,65.59,54.69,99338,H,0.2,43.32,0.2,-0.01,43.71,48706,5987,6669.31
-0.18,-0.18,-0.17,-0.26,-0.25,-0.02,0,64.47,65.53,54.66,99335,H,0.08,43.35,-0.59,0,42.84,48865,6013,6683.64
-0.18,-0.2,-0.2,-0.3,-0.26,-0.03,0,64.44,65.48,54.64,99339,H,-0.31,43.33,-1.95,0.02,41.06,49035,6041,6690.03
-0.18,-0.19,-0.2,-0.26,-0.28,-0.03,0,64.43,65.44,54.61,99338,H,-0.23,43.27,0.39,0.01,43.43,49212,6068,6698.03
-0.18,-0.16,-0.15,-0.26,-0.21,-0.01,0,64.39,65.38,54.58,99339,H,0.47,43.29,3.52,-0.02,47.28,49408,6087,6706.05
-0.18,-0.15,-0.16,-0.24,-0.22,0.01,0,64.35,65.31,54.55,99337,H,0.55,43.4,0.39,-0.03,44.33,49505,6111,6714.09
-0.18,-0.17,-0.16,-0.24,-0.24,-0.03,0,64.31,65.29,54.51,99336,H,0.23,43.47,-1.56,-0.01,42.15,49703,6131,6716.24
-0.18,-0.19,-0.2,-0.25,-0.28,-0.03,0,64.28,65.22,54.49,99337,H,-0.2,43.48,-2.15,0.01,41.13,49870,6141,6720.54
-0.18,-0.2,-0.2,-0.27,-0.27,-0.05,0,64.28,65.16,54.45,99335,H,-0.35,43.42,-0.78,0.02,42.29,49929,6149,6724.84
-0.18,-0.18,-0.16,-0.28,-0.24,-0.04,0,64.23,65.12,54.42,99337,H,-0.04,43.38,1.56,0,44.91,50070,6155,6728.07
-0.18,-0.17,-0.16,-0.23,-0.25,-0.03,0,64.23,65.07,54.38,99338,H,0.2,43.4,1.17,-0.01,44.77,50238,6158,6733.47
-0.18,-0.16,-0.15,-0.26,-0.24,0,0,64.18,65.01,54.34,99336,H,0.35,43.45,0.78,-0.02,44.59,50332,6165,6732.39
-0.18,-0.16,-0.16,-0.24,-0.23,-0.02,0,64.16,64.95,54.31,99336,H,0.31,43.52,-0.2,-0.02,43.64,50456,6165,6737.79
-0.18,-0.17,-0.16,-0.25,-0.25,-0.03,0,64.12,64.91,54.27,99340,H,0.12,43.56,-0.98,-0.01,42.7,50540,6167,6738.33
-0.18,-0.17,-0.17,-0.24,-0.23,-0.04,0,64.08,64.84,54.22,99342,H,0.16,43.59,0.2,-0.01,43.94,50563,6168,6742.11
-0.18,-0.17,-0.16,-0.26,-0.25,-0.02,0,64.1,64.79,54.18,99344,H,0.12,43.62,-0.2,-0.01,43.54,50631,6171,6745.9
-0.18,-0.16,-0.15,-0.24,-0.24,0,0,64.04,64.71,54.13,99341,H,0.43,43.67,1.56,-0.02,45.67,50647,6169,6744.82
-0.18,-0.15,-0.15,-0.23,-0.23,-0.01,0,63.99,64.65,54.1,99340,H,0.55,43.77,0.59,-0.03,44.9,50661,6169,6746.99
-0.18,-0.17,-0.18,-0.25,-0.24,-0.02,0,63.97,64.57,54.06,99339,H,0.16,43.84,-1.95,-0.01,42.04,50617,6172,6748.61
-0.18,-0.18,-0.2,-0.25,-0.23,-0.03,0,63.93,64.51,54,99339,H,0.04,43.86,-0.59,0,43.31,50631,6173,6751.87
-0.18,-0.18,-0.2,-0.24,-0.23,-0.05,0,63.89,64.44,53.96,99341,H,0,43.86,-0.2,0,43.67,50589,6171,6753.5
-0.18,-0.17,-0.17,-0.23,-0.23,-0.03,0,63.84,64.39,53.92,99343,H,0.23,43.89,1.17,-0.01,45.29,50571,6173,6757.84
-0.26,-0.17,-0.16,-0.24,-0.24,-0.02,0,63.81,64.31,53.88,99342,D,1.87,44.1,8.2,-0.09,54.17,50614,6171,6754.58
-0.34,-0.2,-0.21,-0.26,-0.29,-0.04,0,63.77,64.23,53.82,99339,D,2.81,44.57,4.68,-0.14,52.06,50589,6171,6756.76
-0.42,-0.27,-0.27,-0.35,-0.33,-0.11,0,63.73,64.16,53.78,99343,D,3.08,45.16,1.36,-0.15,49.6,50573,6171,6755.67
-0.5,-0.34,-0.34,-0.41,-0.44,-0.17,0,63.67,64.06,53.74,99341,D,3.16,45.78,0.38,-0.16,49.32,50588,6172,6755.67
-0.58,-0.43,-0.43,-0.49,-0.49,-0.29,0,63.61,64,53.7,99341,D,3.08,46.4,-0.4,-0.15,49.08,50587,6171,6752.41
-0.66,-0.49,-0.49,-0.55,-0.58,-0.35,0,63.58,63.93,53.66,99342,D,3.31,47.04,1.16,-0.17,51.52,50560,6171,6751.33
-0.74,-0.57,-0.6,-0.65,-0.64,-0.38,0,63.52,63.83,53.63,99343,D,3.43,47.72,0.58,-0.17,51.72,50543,6168,6749.16
-0.82,-0.63,-0.66,-0.71,-0.73,-0.45,0,63.46,63.75,53.6,99342,D,3.7,48.43,1.36,-0.18,53.49,50548,6171,6750.24
-0.9,-0.71,-0.71,-0.78,-0.8,-0.56,0,63.42,63.66,53.57,99342,D,3.74,49.17,0.19,-0.19,53.1,50543,6168,6745.9
-0.98,-0.81,-0.78,-0.91,-0.92,-0.62,0,63.35,63.58,53.54,99344,D,3.42,49.89,-1.57,-0.17,51.74,50528,6173,6744.82
-1.06,-0.89,-0.88,-0.98,-0.99,-0.7,0,63.3,63.5,53.52,99342,D,3.38,50.57,-0.2,-0.17,53.75,50516,6170,6739.95
-1.14,-0.94,-0.95,-1.04,-1.03,-0.75,0,63.22,63.43,53.5,99340,D,3.93,51.3,2.73,-0.2,57.95,50487,6171,6741.03
-1.22,-1.01,-1.02,-1.1,-1.09,-0.84,0,63.18,63.33,53.48,99339,D,4.16,52.11,1.16,-0.21,57.43,50467,6170,6738.33
-1.3,-1.14,-1.09,-1.23,-1.27,-0.95,0,63.11,63.25,53.47,99339,D,3.26,52.85,-4.5,-0.16,51.61,50468,6168,6734.01
-1.38,-1.25,-1.27,-1.34,-1.34,-1.05,0,63.08,63.16,53.45,99340,D,2.63,53.44,-3.13,-0.13,52.94,50461,6168,6730.23
-1.46,-1.31,-1.32,-1.4,-1.39,-1.15,0,63.02,63.08,53.45,99344,D,2.9,53.99,1.36,-0.15,58.26,50464,6168,6729.15
-1.54,-1.39,-1.38,-1.48,-1.46,-1.23,0,62.97,63.02,53.45,99340,D,2.98,54.58,0.38,-0.15,57.95,50459,6167,6725.38
-1.62,-1.49,-1.46,-1.59,-1.63,-1.28,0,62.91,62.93,53.45,99337,D,2.55,55.13,-2.16,-0.13,55.53,50460,6167,6720.54
-1.7,-1.56,-1.53,-1.65,-1.69,-1.36,0,62.85,62.86,53.45,99342,D,2.86,55.68,1.55,-0.14,60.09,50464,6168,6715.7
-1.78,-1.66,-1.62,-1.73,-1.79,-1.5,0,62.81,62.8,53.46,99341,D,2.39,56.2,-2.35,-0.12,56.24,50429,6169,6711.41
-1.86,-1.76,-1.73,-1.88,-1.88,-1.55,0,62.76,62.71,53.46,99343,D,2,56.64,-1.96,-0.1,56.68,50436,6165,6706.05
-1.94,-1.85,-1.8,-1.97,-1.99,-1.62,0,62.72,62.67,53.48,99344,D,1.84,57.02,-0.79,-0.09,58.07,50439,6165,6701.24
-2.02,-1.91,-1.85,-2.02,-2.05,-1.7,0,62.67,62.6,53.49,99345,D,2.27,57.43,2.14,-0.11,61.84,50453,6163,6697.5
-2.1,-2.03,-1.99,-2.16,-2.15,-1.81,0,62.63,62.52,53.51,99344,D,1.41,57.8,-4.3,-0.07,54.91,50425,6163,6692.16
-2.18,-2.1,-2.07,-2.23,-2.23,-1.89,0,62.57,62.49,53.52,99343,D,1.52,58.1,0.58,-0.08,60.2,50413,6162,6687.37
-2.26,-2.18,-2.13,-2.3,-2.34,-1.93,0,62.55,62.41,53.54,99345,D,1.68,58.42,0.77,-0.08,60.87,50427,6164,6684.7
-2.34,-2.24,-2.18,-2.4,-2.42,-1.98,0,62.52,62.36,53.56,99341,D,1.91,58.77,1.16,-0.1,61.85,50397,6161,6676.73
-2.42,-2.33,-2.28,-2.49,-2.48,-2.08,0,62.5,62.31,53.59,99343,D,1.75,59.14,-0.79,-0.09,60.1,50377,6162,6668.25
-2.5,-2.39,-2.36,-2.55,-2.5,-2.16,0,62.46,62.29,53.61,99345,D,2.1,59.53,1.75,-0.11,63.38,50380,6161,6666.14
-2.58,-2.49,-2.46,-2.61,-2.64,-2.24,0,62.44,62.23,53.63,99343,D,1.83,59.92,-1.38,-0.09,60.37,50374,6160,6658.21
-2.66,-2.6,-2.52,-2.73,-2.75,-2.38,0,62.41,62.2,53.67,99344,D,1.28,60.23,-2.74,-0.06,58.77,50375,6158,6648.73
-2.74,-2.66,-2.65,-2.8,-2.77,-2.43,0,62.39,62.15,53.71,99343,D,1.59,60.52,1.55,-0.08,63.66,50355,6159,6643.47
-2.82,-2.72,-2.7,-2.83,-2.83,-2.51,0,62.39,62.13,53.74,99346,D,2.06,60.88,2.34,-0.1,65.28,50350,6159,6641.89
-2.9,-2.81,-2.77,-2.94,-2.98,-2.55,0,62.37,62.11,53.76,99348,D,1.82,61.27,-1.18,-0.09,61.91,50352,6159,6634.02
-2.98,-2.92,-2.87,-3.05,-3.08,-2.66,0,62.37,62.08,53.81,99346,D,1.27,61.58,-2.74,-0.06,60.11,50340,6155,6620.43
-3.06,-2.98,-2.95,-3.12,-3.13,-2.74,0,62.35,62.06,53.84,99350,D,1.51,61.86,1.16,-0.08,64.53,50320,6156,6615.74
-3.14,-3.06,-2.99,-3.19,-3.23,-2.81,0,62.33,62.04,53.88,99346,D,1.66,62.17,0.77,-0.08,64.61,50313,6155,6607.41
-3.22,-3.15,-3.06,-3.3,-3.34,-2.88,0,62.34,62.01,53.92,99346,D,1.46,62.49,-0.98,-0.07,62.97,50275,6151,6598.59
-3.3,-3.22,-3.17,-3.37,-3.37,-2.98,0,62.34,62,53.96,99346,D,1.54,62.79,0.38,-0.08,64.71,50281,6153,6593.92
-3.38,-3.27,-3.22,-3.42,-3.42,-3.02,0,62.33,61.99,54,99348,D,2.2,63.16,3.31,-0.11,68.68,50246,6150,6586.17
-3.46,-3.34,-3.33,-3.48,-3.49,-3.05,0,62.34,61.98,54.04,99350,D,2.44,63.63,1.16,-0.12,67.23,50253,6148,6575.86
-3.54,-3.44,-3.44,-3.58,-3.62,-3.12,0,62.34,61.97,54.1,99348,D,1.97,64.07,-2.35,-0.1,63.68,50245,6149,6563.53
-3.62,-3.55,-3.49,-3.67,-3.73,-3.31,0,62.36,61.97,54.14,99349,D,1.38,64.4,-2.94,-0.07,62.84,50208,6147,6583.59
-3.7,-3.62,-3.59,-3.73,-3.8,-3.36,0,62.34,61.96,54.19,99347,D,1.61,64.7,1.16,-0.08,67.47,50203,6146,6545.62
-3.78,-3.68,-3.62,-3.84,-3.85,-3.41,0,62.38,61.95,54.24,99351,D,2,65.06,1.95,-0.1,69.01,50198,6140,6551.75
-3.86,-3.77,-3.71,-3.91,-3.92,-3.52,0,62.38,61.95,54.29,99351,D,1.88,65.45,-0.59,-0.09,66.74,50190,6141,6529.34
-3.94,-3.85,-3.77,-3.97,-4.05,-3.59,0,62.39,61.95,54.34,99349,D,1.84,65.82,-0.2,-0.09,67.46,50131,6139,6521.23
-4.02,-3.93,-3.85,-4.11,-4.11,-3.66,0,62.41,61.95,54.39,99350,D,1.76,66.18,-0.4,-0.09,67.54,50120,6139,6508.6
-4.1,-4.01,-3.98,-4.16,-4.17,-3.73,0,62.42,61.98,54.44,99348,D,1.76,66.53,-0.01,-0.09,68.28,50092,6136,6498.03
-4.18,-4.09,-4.06,-4.23,-4.2,-3.85,0,62.45,62,54.49,99351,D,1.87,66.9,0.58,-0.09,69.35,50054,6132,6486.49
-4.26,-4.15,-4.12,-4.27,-4.34,-3.87,0,62.44,62,54.55,99354,D,2.22,67.31,1.75,-0.11,71.28,50027,6130,6495.52
-4.34,-4.25,-4.2,-4.41,-4.41,-3.96,0,62.49,62.02,54.61,99348,D,1.87,67.72,-1.77,-0.09,67.82,50006,6129,6465.52
-4.42,-4.32,-4.27,-4.48,-4.5,-4.05,0,62.48,62.03,54.65,99356,D,1.91,68.09,0.19,-0.1,70.19,49973,6127,6454.09
-4.5,-4.42,-4.34,-4.55,-4.59,-4.2,0,62.53,62.06,54.71,99352,D,1.6,68.44,-1.57,-0.08,68.47,49974,6124,6444.19
-4.58,-4.5,-4.42,-4.63,-4.67,-4.27,0,62.56,62.07,54.78,99351,D,1.59,68.76,-0.01,-0.08,70.35,49941,6121,6436.29
-4.66,-4.55,-4.49,-4.67,-4.73,-4.32,0,62.57,62.1,54.83,99350,D,2.14,69.14,2.73,-0.11,74,49896,6114,6462.53
-4.74,-4.6,-4.52,-4.75,-4.8,-4.34,0,62.62,62.13,54.89,99352,D,2.76,69.63,3.12,-0.14,75.51,49846,6114,6410.75
-4.82,-4.71,-4.7,-4.83,-4.87,-4.43,0,62.66,62.16,54.95,99356,D,2.21,70.12,-2.74,-0.11,69.6,49805,6111,6397.56
-4.9,-4.84,-4.8,-5,-5.05,-4.52,0,62.68,62.19,55.01,99350,D,1.16,70.46,-5.28,-0.06,66.34,49792,6103,6383.95
-4.98,-4.9,-4.84,-5.08,-5.1,-4.57,0,62.7,62.2,55.07,99355,D,1.62,70.74,2.34,-0.08,74.7,49719,6101,6372.81
-5.06,-4.96,-4.91,-5.12,-5.13,-4.66,0,62.76,62.24,55.14,99350,D,2.09,71.11,2.34,-0.1,75.54,49703,6095,6358.34
-5.14,-5.02,-4.95,-5.21,-5.18,-4.72,0,62.8,62.3,55.21,99351,D,2.48,71.57,1.95,-0.12,76,49648,6091,6345.85
-5.22,-5.12,-5.05,-5.3,-5.34,-4.8,0,62.82,62.31,55.26,99349,D,1.97,72.01,-2.55,-0.1,71.44,49602,6084,6335.32
-5.3,-5.21,-5.16,-5.39,-5.46,-4.85,0,62.86,62.34,55.33,99349,D,1.7,72.38,-1.38,-0.08,72.7,49541,6080,6323.4
-5.38,-5.28,-5.22,-5.45,-5.48,-4.98,0,62.92,62.41,55.39,99350,D,1.97,72.75,1.36,-0.1,76.08,49499,6075,6310.57
-5.46,-5.35,-5.27,-5.57,-5.55,-5.01,0,62.96,62.44,55.47,99354,D,2.2,73.16,1.16,-0.11,76.53,49436,6070,6302.99
-5.54,-5.44,-5.4,-5.62,-5.66,-5.09,0,63.01,62.49,55.53,99356,D,1.97,73.58,-1.18,-0.1,74.37,49358,6061,6286.48
-5.62,-5.52,-5.48,-5.7,-5.73,-5.18,0,63.03,62.55,55.59,99355,D,1.96,73.97,-0.01,-0.1,75.93,49302,6054,6276.15
-5.7,-5.61,-5.54,-5.82,-5.79,-5.3,0,63.1,62.57,55.66,99355,D,1.73,74.34,-1.18,-0.09,74.89,49214,6049,6265.85
-5.78,-5.69,-5.61,-5.89,-5.87,-5.37,0,63.16,62.61,55.72,99356,D,1.88,74.7,0.77,-0.09,77.36,49152,6044,6255.12
-5.86,-5.75,-5.69,-5.93,-5.98,-5.41,0,63.2,62.67,55.79,99356,D,2.12,75.1,1.16,-0.11,78.38,49079,6036,6244.89
-5.94,-5.84,-5.75,-6.01,-6.09,-5.5,0,63.25,62.73,55.86,99356,D,2.07,75.52,-0.2,-0.1,77.39,49019,6027,6236.54
-6.02,-5.93,-5.83,-6.13,-6.16,-5.58,0,63.29,62.77,55.92,99353,D,1.88,75.92,-0.98,-0.09,76.81,48934,6022,6224.07
-6.1,-5.99,-5.91,-6.21,-6.2,-5.65,0,63.36,62.83,55.99,99355,D,2.15,76.32,1.36,-0.11,79.83,48821,6008,6213.02
-6.18,-6.04,-5.96,-6.24,-6.21,-5.73,0,63.4,62.88,56.07,99357,D,2.89,76.83,3.7,-0.14,83.42,48661,5993,6206.13
-6.26,-6.14,-6.03,-6.3,-6.34,-5.89,0,63.46,62.93,56.13,99356,D,2.38,77.35,-2.55,-0.12,77.19,48571,5983,6196.06
-6.34,-6.23,-6.19,-6.37,-6.4,-5.95,0,63.51,63.01,56.2,99356,D,2.26,77.82,-0.59,-0.11,79.49,48441,5972,6185.11
-6.42,-6.28,-6.24,-6.43,-6.48,-5.98,0,63.58,63.05,56.26,99354,D,2.73,78.32,2.34,-0.14,83.38,48329,5960,6176.47
-6.5,-6.35,-6.3,-6.52,-6.55,-6.03,0,63.6,63.14,56.34,99353,D,2.96,78.89,1.16,-0.15,83.01,48243,5947,6170.57
-6.58,-6.49,-6.41,-6.68,-6.68,-6.18,0,63.68,63.2,56.42,99355,D,1.87,79.37,-5.48,-0.09,75.76,48128,5932,6158.36
-6.66,-6.56,-6.49,-6.74,-6.76,-6.26,0,63.74,63.23,56.49,99356,D,1.94,79.75,0.38,-0.1,82.08,48025,5916,6152.94
-6.74,-6.63,-6.56,-6.8,-6.84,-6.32,0,63.83,63.32,56.56,99358,D,2.22,80.17,1.36,-0.11,83.74,47968,5904,6142.6
-6.82,-6.7,-6.64,-6.88,-6.87,-6.4,0,63.88,63.37,56.62,99354,D,2.41,80.63,0.97,-0.12,84.01,47875,5887,6135.87
-6.9,-6.8,-6.71,-6.96,-7.01,-6.53,0,63.94,63.42,56.7,99358,D,1.94,81.06,-2.35,-0.1,80.65,47768,5878,6127.36
-6.98,-6.87,-6.78,-7.05,-7.06,-6.58,0,63.98,63.5,56.77,99357,D,2.25,81.48,1.55,-0.11,85.29,47670,5859,6122.9
-7.06,-6.96,-6.93,-7.13,-7.12,-6.66,0,64.06,63.55,56.84,99359,D,1.97,81.9,-1.38,-0.1,82.5,47565,5844,6114.87
-7.14,-7.03,-6.99,-7.2,-7.2,-6.72,0,64.1,63.62,56.92,99360,D,2.25,82.33,1.36,-0.11,85.93,47480,5831,6110.42
-7.22,-7.1,-7.04,-7.23,-7.3,-6.82,0,64.19,63.7,56.98,99359,D,2.4,82.79,0.77,-0.12,85.97,47396,5814,6103.32
-7.3,-7.19,-7.12,-7.33,-7.41,-6.88,0,64.25,63.76,57.07,99354,D,2.28,83.26,-0.59,-0.11,84.95,47352,5803,6097.12
-7.38,-7.29,-7.2,-7.49,-7.52,-6.97,0,64.32,63.83,57.12,99358,D,1.73,83.66,-2.74,-0.09,82.65,47343,5796,6092.25
-7.46,-7.38,-7.28,-7.57,-7.63,-7.05,0,64.38,63.91,57.2,99361,D,1.5,83.98,-1.18,-0.07,84.3,47316,5786,6084.75
-7.54,-7.45,-7.33,-7.63,-7.72,-7.11,0,64.44,63.97,57.26,99362,D,1.85,84.32,1.75,-0.09,87.92,47323,5777,6081.23
-7.62,-7.5,-7.4,-7.7,-7.75,-7.15,0,64.5,64.06,57.34,99363,D,2.43,84.75,2.92,-0.12,90.1,47279,5762,6075.51
-7.7,-7.58,-7.45,-7.81,-7.79,-7.27,0,64.57,64.14,57.42,99360,D,2.39,85.23,-0.2,-0.12,87.42,47229,5747,6072.44
-7.78,-7.67,-7.55,-7.87,-7.91,-7.34,0,64.64,64.21,57.49,99362,D,2.23,85.69,-0.79,-0.11,87.14,47188,5736,6068.93
-7.86,-7.75,-7.7,-7.95,-7.95,-7.42,0,64.69,64.27,57.56,99365,D,2.12,86.13,-0.59,-0.11,87.65,47132,5724,6064.98
-7.94,-7.84,-7.77,-8.07,-8.05,-7.49,0,64.77,64.34,57.63,99361,D,1.92,86.53,-0.98,-0.1,87.46,47054,5705,6061.04
-8.02,-7.91,-7.84,-8.12,-8.13,-7.57,0,64.84,64.44,57.72,99362,D,2.15,86.94,1.16,-0.11,90.25,46979,5691,6058.86
-8.1,-7.95,-7.9,-8.14,-8.14,-7.61,0,64.89,64.49,57.78,99361,D,3.05,87.46,4.48,-0.15,94.99,46861,5673,6054.05
-8.18,-8.03,-7.96,-8.21,-8.23,-7.7,0,64.97,64.57,57.85,99359,D,3.09,88.07,0.19,-0.15,91.34,46828,5658,6048.82
-8.26,-8.15,-8.05,-8.35,-8.41,-7.77,0,65.02,64.62,57.92,99364,D,2.26,88.61,-4.11,-0.11,86.76,46792,5646,6048.82
-8.34,-8.24,-8.15,-8.46,-8.48,-7.87,0,65.09,64.71,58,99364,D,1.99,89.03,-1.38,-0.1,89.65,46762,5637,6041.86
-8.42,-8.32,-8.23,-8.52,-8.55,-7.97,0,65.14,64.77,58.06,99362,D,2.03,89.43,0.19,-0.1,91.65,46741,5628,6040.99
-8.5,-8.39,-8.28,-8.63,-8.62,-8.03,0,65.23,64.85,58.14,99365,D,2.18,89.85,0.77,-0.11,92.81,46694,5616,6039.26
-8.58,-8.45,-8.34,-8.72,-8.68,-8.07,0,65.3,64.94,58.21,99366,D,2.57,90.33,1.95,-0.13,94.84,46670,5602,6035.78
-8.66,-8.55,-8.47,-8.78,-8.76,-8.19,0,65.36,65.01,58.27,99365,D,2.22,90.81,-1.77,-0.11,91.26,46643,5585,6035.35
-8.74,-8.62,-8.55,-8.83,-8.81,-8.27,0,65.43,65.09,58.35,99364,D,2.49,91.28,1.36,-0.12,95.13,46595,5567,6030.15
-8.82,-8.68,-8.62,-8.88,-8.87,-8.35,0,65.51,65.16,58.42,99363,D,2.8,91.81,1.55,-0.14,96.16,46507,5555,6026.69
-8.9,-8.77,-8.68,-8.95,-9.02,-8.43,0,65.55,65.24,58.49,99365,D,2.6,92.35,-0.98,-0.13,93.97,46460,5543,6024.96
-8.98,-8.85,-8.77,-9.01,-9.07,-8.55,0,65.63,65.32,58.55,99371,D,2.56,92.86,-0.2,-0.13,95.22,46359,5526,6024.96
-9.06,-8.92,-8.84,-9.13,-9.11,-8.6,0,65.72,65.41,58.63,99369,D,2.76,93.4,0.97,-0.14,97.12,46321,5509,6021.94
-9.14,-8.99,-8.9,-9.2,-9.21,-8.67,0,65.77,65.5,58.69,99370,D,2.91,93.96,0.77,-0.15,97.65,46292,5500,6021.07
-9.22,-9.09,-8.98,-9.27,-9.32,-8.79,0,65.86,65.54,58.76,99367,D,2.56,94.51,-1.77,-0.13,95.3,46223,5489,6020.64
-9.3,-9.21,-9.09,-9.38,-9.44,-8.93,0,65.91,65.61,58.82,99371,D,1.85,94.95,-3.52,-0.09,93.28,46131,5474,6018.05
-9.38,-9.27,-9.15,-9.48,-9.48,-8.98,0,65.99,65.71,58.89,99369,D,2.2,95.36,1.75,-0.11,99.31,46084,5460,6016.76
-9.46,-9.33,-9.27,-9.52,-9.53,-9,0,66.05,65.78,58.96,99371,D,2.63,95.84,2.14,-0.13,100.61,46004,5448,6016.76
-9.54,-9.4,-9.34,-9.59,-9.59,-9.07,0,66.12,65.85,59.03,99369,D,2.86,96.39,1.16,-0.14,100.42,45965,5438,6012.45
-9.62,-9.51,-9.42,-9.73,-9.73,-9.16,0,66.19,65.93,59.1,99370,D,2.12,96.89,-3.72,-0.11,95.29,45893,5426,6011.16
-9.7,-9.6,-9.49,-9.84,-9.85,-9.22,0,66.26,66.03,59.16,99375,D,2,97.3,-0.59,-0.1,98.71,45869,5421,6010.73
-9.78,-9.66,-9.57,-9.89,-9.91,-9.28,0,66.33,66.09,59.23,99369,D,2.31,97.73,1.55,-0.12,101.6,45836,5409,6008.58
-9.86,-9.73,-9.64,-9.97,-9.98,-9.35,0,66.42,66.16,59.3,99372,D,2.51,98.21,0.97,-0.13,101.69,45788,5395,6008.15
-9.94,-9.81,-9.7,-10.02,-10.06,-9.47,0,66.5,66.24,59.36,99370,D,2.58,98.72,0.38,-0.13,101.69,45765,5388,6006.86
-10.02,-9.88,-9.78,-10.1,-10.14,-9.52,0,66.55,66.32,59.44,99374,D,2.7,99.25,0.58,-0.13,102.53,45740,5377,6005.58
-10.1,-9.97,-9.85,-10.19,-10.23,-9.61,0,66.62,66.4,59.49,99378,D,2.58,99.78,-0.59,-0.13,101.76,45689,5369,6005.58
-10.18,-10.09,-9.95,-10.34,-10.33,-9.76,0,66.67,66.5,59.57,99374,D,1.76,100.21,-4.11,-0.09,97.86,45644,5356,6001.71
-10.26,-10.15,-10.02,-10.41,-10.4,-9.78,0,66.76,66.56,59.64,99375,D,2.19,100.61,2.14,-0.11,104.93,45620,5351,6003
-10.34,-10.2,-10.09,-10.45,-10.45,-9.8,0,66.85,66.65,59.69,99378,D,2.77,101.1,2.92,-0.14,106.79,45554,5337,6004.72
-10.42,-10.26,-10.16,-10.52,-10.5,-9.84,0,66.91,66.73,59.75,99376,D,3.28,101.71,2.53,-0.16,107.51,45522,5331,5997.86
-10.5,-10.38,-10.27,-10.64,-10.62,-9.98,0,66.96,66.8,59.82,99376,D,2.45,102.28,-4.11,-0.12,100.62,45455,5317,6000.43
-10.58,-10.47,-10.35,-10.76,-10.7,-10.05,0,67.04,66.87,59.89,99377,D,2.26,102.75,-0.98,-0.11,104.02,45427,5310,5999.57
-10.66,-10.54,-10.41,-10.82,-10.84,-10.11,0,67.11,66.97,59.95,99375,D,2.33,103.21,0.38,-0.12,105.93,45365,5299,5999.57
-10.74,-10.63,-10.48,-10.93,-10.91,-10.19,0,67.19,67.06,60.03,99377,D,2.25,103.67,-0.4,-0.11,105.52,45369,5292,5996.57
-10.82,-10.69,-10.55,-10.98,-10.91,-10.31,0,67.25,67.11,60.08,99377,D,2.6,104.15,1.75,-0.13,108.51,45362,5275,5997.43
-10.9,-10.75,-10.62,-11.02,-10.96,-10.38,0,67.34,67.21,60.15,99376,D,3.07,104.72,2.34,-0.15,110.13,45292,5257,5999.57
-10.98,-10.83,-10.69,-11.05,-11.13,-10.45,0,67.4,67.28,60.21,99380,D,3.03,105.33,-0.2,-0.15,108.16,45259,5246,5997
-11.06,-10.92,-10.78,-11.14,-11.19,-10.56,0,67.49,67.34,60.28,99377,D,2.83,105.92,-0.98,-0.14,107.77,45172,5231,5998.29
-11.14,-11.01,-10.91,-11.2,-11.25,-10.67,0,67.54,67.42,60.33,99378,D,2.64,106.47,-0.98,-0.13,108.12,45143,5219,5996.57
-11.22,-11.06,-10.95,-11.27,-11.34,-10.66,0,67.61,67.54,60.4,99379,D,3.26,107.06,3.12,-0.16,113.43,45111,5208,5994.86
-11.3,-11.16,-11.04,-11.42,-11.46,-10.73,0,67.69,67.6,60.45,99377,D,2.75,107.66,-2.55,-0.14,107.86,45063,5195,5996.57
-11.38,-11.25,-11.11,-11.52,-11.56,-10.8,0,67.76,67.68,60.51,99380,D,2.63,108.19,-0.59,-0.13,110.23,45036,5189,5994.01
-11.46,-11.32,-11.19,-11.59,-11.58,-10.94,0,67.81,67.74,60.58,99382,D,2.71,108.73,0.38,-0.14,111.82,44948,5168,5994.01
-11.54,-11.39,-11.25,-11.66,-11.62,-11.02,0,67.86,67.83,60.64,99381,D,3.06,109.31,1.75,-0.15,114.12,44837,5152,5994.43
-11.62,-11.47,-11.33,-11.71,-11.7,-11.14,0,67.94,67.91,60.7,99379,D,3.02,109.91,-0.2,-0.15,112.73,44793,5133,5993.15
-11.68,-11.56,-11.42,-11.77,-11.81,-11.23,0,68.01,68,60.76,99381,D,2.46,110.46,-2.79,-0.12,110.13,44763,5117,5994.01
-11.68,-11.62,-11.49,-11.83,-11.89,-11.27,0,68.08,68.07,60.82,99381,D,1.21,110.83,-6.25,-0.06,105.79,44728,5103,5992.72
-11.68,-11.69,-11.55,-11.95,-11.97,-11.29,0,68.14,68.15,60.87,99383,D,-0.2,110.93,-7.03,0.01,103.7,44735,5085,5991.01
-11.68,-11.72,-11.59,-11.98,-12,-11.32,0,68.23,68.24,60.92,99384,D,-0.82,110.83,-3.12,0.04,106.88,44652,5070,5994.01
-11.68,-11.72,-11.56,-11.97,-12.02,-11.31,0,68.29,68.33,60.97,99384,D,-0.74,110.67,0.39,0.04,110.32,44657,5057,5988.45
-11.68,-11.74,-11.59,-12,-12.04,-11.33,0,68.39,68.4,61.02,99384,D,-1.17,110.48,-2.15,0.06,107.16,44649,5052,5987.17
-11.68,-11.78,-11.61,-12.05,-12.08,-11.37,0,68.45,68.47,61.08,99385,D,-1.95,110.17,-3.91,0.1,104.31,44616,5037,5984.61
-11.68,-11.77,-11.63,-12.05,-12.02,-11.38,0,68.53,68.58,61.14,99385,D,-1.87,109.79,0.39,0.09,108.3,44567,5014,5986.32
-11.68,-11.79,-11.63,-12.04,-12.05,-11.44,0,68.59,68.64,61.2,99389,D,-2.15,109.38,-1.37,0.11,105.87,44575,5003,5982.05
-11.68,-11.8,-11.65,-11.98,-12.11,-11.48,0,68.64,68.74,61.25,99387,D,-2.5,108.92,-1.76,0.13,104.66,44578,4994,5980.35
-11.68,-11.79,-11.59,-11.96,-12.11,-11.52,0,68.73,68.82,61.3,99388,D,-2.3,108.44,0.98,0.12,107.11,44594,4992,5979.5
-11.68,-11.8,-11.58,-11.95,-12.14,-11.55,0,68.84,68.9,61.35,99387,D,-2.5,107.96,-0.98,0.13,104.48,44618,4991,5978.22
-11.68,-11.79,-11.59,-11.98,-12.15,-11.42,0,68.89,68.99,61.4,99384,D,-2.11,107.5,1.95,0.11,107.34,44664,4987,5977.8
-11.68,-11.78,-11.6,-12.05,-12.06,-11.4,0,68.97,69.08,61.46,99387,D,-1.99,107.09,0.59,0.1,105.68,44693,4972,5976.1
-11.68,-11.79,-11.62,-12.06,-12.05,-11.43,0,69.04,69.16,61.51,99387,D,-2.19,106.67,-0.98,0.11,103.5,44716,4955,5973.97
-11.68,-11.79,-11.64,-12.05,-12.05,-11.43,0,69.11,69.25,61.56,99389,D,-2.27,106.22,-0.39,0.11,103.57,44708,4936,5972.7
-11.68,-11.77,-11.62,-11.98,-12.08,-11.41,0,69.17,69.34,61.6,99390,D,-1.84,105.81,2.15,0.09,106.13,44716,4924,5971.42
-11.68,-11.73,-11.58,-11.96,-11.99,-11.41,0,69.26,69.42,61.66,99393,D,-1.09,105.52,3.71,0.05,108.14,44704,4907,5972.7
-11.68,-11.73,-11.59,-11.94,-12,-11.39,0,69.33,69.5,61.7,99391,D,-0.98,105.31,0.59,0.05,104.92,44681,4891,5969.73
-11.68,-11.76,-11.6,-11.95,-12.03,-11.46,0,69.4,69.59,61.74,99392,D,-1.64,105.05,-3.32,0.08,100.09,44629,4880,5969.73
-11.68,-11.75,-11.59,-11.98,-12.05,-11.38,0,69.49,69.65,61.78,99392,D,-1.41,104.75,1.17,0.07,104.51,44615,4873,5966.76
-11.68,-11.72,-11.59,-11.98,-11.97,-11.34,0,69.54,69.73,61.82,99393,D,-0.74,104.53,3.32,0.04,107.11,44555,4861,5964.64
-11.68,-11.71,-11.55,-11.98,-11.97,-11.36,0,69.61,69.83,61.86,99392,D,-0.7,104.39,0.2,0.04,103.88,44500,4851,5961.67
-11.68,-11.72,-11.59,-11.98,-11.99,-11.34,0,69.68,69.89,61.9,99392,D,-0.9,104.23,-0.98,0.04,102.35,44516,4840,5959.98
-11.68,-11.7,-11.57,-11.97,-11.96,-11.31,0,69.73,69.98,61.94,99392,D,-0.47,104.09,2.15,0.02,105.77,44458,4827,5959.98
-11.68,-11.67,-11.55,-11.93,-11.88,-11.31,0,69.79,70.07,61.98,99393,D,0.23,104.07,3.52,-0.01,107.82,44455,4812,5957.87
-11.68,-11.68,-11.55,-11.88,-11.91,-11.36,0,69.88,70.13,62.02,99392,D,0.08,104.1,-0.78,0,103.4,44433,4800,5957.87
-11.68,-11.65,-11.51,-11.85,-11.88,-11.36,0,69.94,70.22,62.05,99393,D,0.59,104.16,2.54,-0.03,107.29,44425,4795,5954.07
-11.68,-11.63,-11.48,-11.84,-11.88,-11.34,0,70.01,70.27,62.09,99393,D,0.94,104.32,1.76,-0.05,107.01,44402,4788,5954.07
-11.68,-11.64,-11.48,-11.87,-11.91,-11.3,0,70.05,70.36,62.14,99394,D,0.82,104.49,-0.59,-0.04,104.73,44363,4783,5952.8
-11.68,-11.67,-11.53,-11.93,-11.9,-11.32,0,70.11,70.43,62.17,99393,D,0.2,104.59,-3.12,-0.01,101.66,44355,4775,5953.22
-11.68,-11.66,-11.51,-11.93,-11.88,-11.33,0,70.19,70.48,62.21,99394,D,0.39,104.65,0.98,-0.02,106.02,44375,4765,5951.54
-11.68,-11.65,-11.51,-11.9,-11.88,-11.3,0,70.22,70.56,62.24,99394,D,0.63,104.75,1.17,-0.03,106.55,44422,4763,5950.69
-11.68,-11.65,-11.49,-11.92,-11.91,-11.28,0,70.3,70.64,62.28,99392,D,0.59,104.88,-0.2,-0.03,105.27,44430,4762,5949.01
-11.68,-11.66,-11.51,-11.93,-11.89,-11.32,0,70.35,70.72,62.31,99394,H,0.35,104.97,-1.17,-0.02,104.15,44447,4751,5950.27
-11.68,-11.66,-11.52,-11.93,-11.87,-11.32,0,70.39,70.78,62.35,99395,H,0.39,105.04,0.2,-0.02,105.63,44412,4747,5946.9
-11.68,-11.65,-11.52,-11.91,-11.84,-11.34,0,70.46,70.87,62.38,99396,H,0.55,105.14,0.78,-0.03,106.47,44422,4735,5944.8
-11.68,-11.63,-11.5,-11.87,-11.8,-11.33,0,70.5,70.92,62.42,99398,H,1.09,105.3,2.73,-0.05,109.13,44434,4726,5942.7
-11.68,-11.63,-11.48,-11.86,-11.84,-11.33,0,70.57,70.98,62.46,99396,H,1.02,105.51,-0.39,-0.05,106.14,44423,4717,5942.7
-11.68,-11.63,-11.51,-11.86,-11.82,-11.32,0,70.62,71.07,62.49,99400,H,1.05,105.72,0.2,-0.05,106.97,44357,4705,5943.54
-11.68,-11.64,-11.49,-11.88,-11.87,-11.34,0,70.66,71.14,62.52,99397,H,0.7,105.9,-1.76,-0.04,104.84,44332,4700,5941.01
-11.68,-11.65,-11.48,-11.91,-11.9,-11.32,0,70.71,71.18,62.55,99396,H,0.51,106.02,-0.98,-0.03,105.55,44318,4693,5938.07
-11.68,-11.67,-11.51,-11.92,-11.9,-11.34,0,70.76,71.25,62.58,99400,H,0.23,106.09,-1.37,-0.01,104.96,44266,4686,5936.82
-11.68,-11.65,-11.48,-11.91,-11.85,-11.35,0,70.83,71.31,62.61,99399,H,0.63,106.18,1.95,-0.03,108.75,44214,4683,5937.65
-11.68,-11.63,-11.47,-11.88,-11.86,-11.31,0,70.88,71.37,62.65,99400,H,1.02,106.34,1.95,-0.05,109.31,44211,4680,5936.4
-11.62,-11.64,-11.48,-11.91,-11.87,-11.32,0,70.91,71.44,62.68,99401,A,-0.46,106.4,-7.37,0.02,98.57,44198,4677,5936.4
