Ref Probe,,0,J2:TMP117,1,J2:Si7051,2,J2:AS6221,3,J2:ADT7422,4,J1:Si7051,5,J1:AS6221,6,J1:ADT7422
Rref,Tref,Time,Value,Time,Value,Time,Value,Time,Value,Time,Value,Time,Value,Time,Value
1.000200749E+02,0.005173405635105155,297.436,-0.0078125,297.442,-0.11002441495656967,297.443,-0.015625,297.443,-0.0546875,297.45,-0.06712402403354645,297.45,-0.0078125,297.45,-0.0234375
1.000200618E+02,0.005140561450843961,297.5,-0.0078125,297.506,-0.09929931908845901,297.507,-0.015625,297.507,-0.0546875,297.514,-0.03494872897863388,297.514,-0.0078125,297.514,-0.0234375
1.000202555E+02,0.005626204117561429,297.564,-0.0078125,297.57,-0.11002441495656967,297.571,-0.0390625,297.571,-0.0546875,297.578,-0.045673828572034836,297.578,-0.0078125,297.578,-0.0234375
1.000203494E+02,0.005861629266860291,297.628,-0.0078125,297.634,-0.13147461414337158,297.635,-0.0390625,297.635,-0.0546875,297.642,-0.06712402403354645,297.642,-0.0078125,297.642,-0.0234375
1.000201372E+02,0.005329603554116602,297.692,-0.0078125,297.698,-0.12074951082468033,297.699,-0.0390625,297.699,-0.0546875,297.706,-0.045673828572034836,297.706,-0.0078125,297.706,-0.0390625
1.000201197E+02,0.00528572773345104,297.756,-0.0078125,297.762,-0.11002441495656967,297.763,-0.015625,297.763,-0.0546875,297.77,-0.06712402403354645,297.77,-0.0078125,297.77,-0.0390625
1.000203573E+02,0.005881436069387291,297.82,-0.0078125,297.826,-0.11002441495656967,297.827,-0.015625,297.827,-0.0546875,297.834,-0.06712402403354645,297.834,-0.0078125,297.834,-0.0390625
1.000201599E+02,0.005386516762428073,297.884,-0.0078125,297.89,-0.09929931908845901,297.891,-0.0234375,297.891,-0.0234375,297.898,-0.06712402403354645,297.898,-0.0078125,297.898,-0.0390625
1.000198068E+02,0.004501228158972026,297.948,-0.0078125,297.954,-0.11002441495656967,297.955,-0.0234375,297.955,-0.0234375,297.962,-0.05639892444014549,297.962,-0.0078125,297.962,-0.0390625
1.000200372E+02,0.005078884586623644,298.012,-0.0078125,298.018,-0.12074951082468033,298.019,-0.0234375,298.019,-0.0234375,298.026,-0.0778491199016571,298.026,-0.0078125,298.026,-0.0390625
1.000196698E+02,0.0041577432655799385,298.076,-0.0078125,298.082,-0.09929931908845901,298.083,-0.0390625,298.083,-0.0234375,298.09,-0.06712402403354645,298.09,-0.0078125,298.09,-0.0390625
1.000201807E+02,0.005438666311022189,298.14,-0.0078125,298.146,-0.13147461414337158,298.147,-0.0390625,298.147,-0.0390625,298.154,-0.045673828572034836,298.154,-0.0078125,298.154,-0.015625
1.000199957E+02,0.00497483622081063,298.204,-0.0078125,298.21,-0.12074951082468033,298.211,-0.0390625,298.211,-0.0390625,298.218,-0.06712402403354645,298.218,-0.0078125,298.218,-0.015625
1.000200918E+02,0.005215777140563205,298.268,-0.0078125,298.274,-0.12074951082468033,298.275,-0.0390625,298.275,-0.0390625,298.282,-0.06712402403354645,298.282,-0.0078125,298.282,-0.015625
1.000200501E+02,0.005111227332463386,298.332,-0.0078125,298.338,-0.09929931908845901,298.339,-0.0390625,298.339,-0.0546875,298.346,-0.05639892444014549,298.346,-0.0078125,298.346,-0.015625
1.000200363E+02,0.0050766281160008475,298.396,-0.0078125,298.402,-0.09929931908845901,298.403,-0.015625,298.403,-0.0546875,298.41,-0.0778491199016571,298.41,-0.0078125,298.41,-0.0234375
1.000199615E+02,0.004889090341123392,298.46,-0.0078125,298.466,-0.08857421576976776,298.467,-0.015625,298.467,-0.0546875,298.474,-0.06712402403354645,298.474,-0.0078125,298.474,-0.0234375
1.000201687E+02,0.005408580032849386,298.524,-0.0078125,298.53,-0.11002441495656967,298.531,-0.015625,298.531,-0.0546875,298.538,-0.06712402403354645,298.538,-0.0078125,298.538,-0.0234375
1.000201988E+02,0.005484046447691071,298.588,-0.0078125,298.594,-0.09929931908845901,298.595,-0.015625,298.595,-0.0390625,298.602,-0.045673828572034836,298.602,-0.0078125,298.602,-0.046875
1.012080950E+02,2.9851245993768316,1208.816,-0.0078125,1208.822,2.8715527057647705,1208.823,2.953125,1208.823,2.9453125,1208.83,2.9037280082702637,1208.83,-0.0078125,1208.831,2.9765625
1.012076251E+02,2.9839453954310784,1208.881,-0.0078125,1208.887,2.860827684402466,1208.888,2.9609375,1208.888,2.9453125,1208.895,2.9037280082702637,1208.895,-0.0078125,1208.896,2.9765625
1.012078123E+02,2.9844151697546977,1208.946,-0.0078125,1208.952,2.850102424621582,1208.953,2.9609375,1208.953,2.9609375,1208.96,2.9144530296325684,1208.96,-0.0078125,1208.96,2.9765625
1.012079744E+02,2.9848219562294958,1209.011,-0.0078125,1209.017,2.882277727127075,1209.018,2.953125,1209.018,2.9609375,1209.025,2.9144530296325684,1209.025,-0.0078125,1209.025,2.9765625
1.012078726E+02,2.9845664913059977,1209.076,-0.0078125,1209.082,2.8715527057647705,1209.083,2.953125,1209.083,2.9609375,1209.09,2.9144530296325684,1209.09,-0.0078125,1209.09,2.9609375
1.012079475E+02,2.984754451252627,1209.141,-0.0078125,1209.147,2.8715527057647705,1209.148,2.953125,1209.148,2.9609375,1209.155,2.925178289413452,1209.155,-0.0078125,1209.155,2.9609375
1.012077132E+02,2.9841664804542347,1209.206,-0.0078125,1209.212,2.860827684402466,1209.213,2.9609375,1209.213,2.96875,1209.22,2.9144530296325684,1209.22,-0.0078125,1209.221,2.9609375
1.012077399E+02,2.9842334835231554,1209.271,-0.0078125,1209.277,2.882277727127075,1209.278,2.9609375,1209.278,2.96875,1209.285,2.935903310775757,1209.285,-0.0078125,1209.285,2.9609375
1.012079513E+02,2.984763987271606,1209.336,-0.0078125,1209.342,2.882277727127075,1209.343,2.953125,1209.343,2.96875,1209.35,2.935903310775757,1209.35,-0.0078125,1209.351,2.9296875
1.012076433E+02,2.983991067931754,1209.401,-0.0078125,1209.407,2.8715527057647705,1209.408,2.953125,1209.408,2.96875,1209.415,2.935903310775757,1209.415,-0.0078125,1209.415,2.9296875
1.012080707E+02,2.985063619038897,1209.466,-0.0078125,1209.472,2.882277727127075,1209.473,2.953125,1209.473,2.9453125,1209.48,2.9144530296325684,1209.48,-0.0078125,1209.481,2.9296875
1.012082402E+02,2.985488975740793,1209.531,-0.0078125,1209.537,2.860827684402466,1209.538,2.96875,1209.538,2.9453125,1209.545,2.925178289413452,1209.545,-0.0078125,1209.545,2.9609375
1.012081756E+02,2.9853268633866037,1209.596,-0.0078125,1209.602,2.882277727127075,1209.603,2.96875,1209.603,2.9453125,1209.61,2.935903310775757,1209.61,-0.0078125,1209.61,2.9609375
1.012081547E+02,2.9852744152736364,1209.661,-0.0078125,1209.667,2.860827684402466,1209.668,2.9609375,1209.668,2.9375,1209.675,2.9144530296325684,1209.675,-0.0078125,1209.676,2.9609375
1.012080326E+02,2.9849680078941674,1209.726,-0.0078125,1209.732,2.882277727127075,1209.733,2.9609375,1209.733,2.9375,1209.74,2.9144530296325684,1209.74,-0.0078125,1209.74,2.9609375
1.012076960E+02,2.98412331742918,1209.791,-0.0078125,1209.797,2.860827684402466,1209.798,2.9609375,1209.798,2.9375,1209.805,2.9144530296325684,1209.805,-0.0078125,1209.806,2.953125
1.012078281E+02,2.984454819513701,1209.856,-0.0078125,1209.862,2.860827684402466,1209.863,2.953125,1209.863,2.9375,1209.87,2.935903310775757,1209.87,-0.0078125,1209.871,2.953125
1.012077927E+02,2.984365983978307,1209.921,-0.0078125,1209.927,2.8715527057647705,1209.928,2.953125,1209.928,2.9140625,1209.935,2.9144530296325684,1209.935,-0.0078125,1209.936,2.953125
1.012077297E+02,2.984207886845013,1209.986,-0.0078125,1209.992,2.850102424621582,1209.993,2.9375,1209.993,2.9140625,1210.0,2.935903310775757,1210.0,-0.0078125,1210.001,2.953125
1.024039089E+02,5.9873740964337685,2012.466,-0.0078125,2012.472,5.853129863739014,2012.473,5.9609375,2012.473,5.9140625,2012.48,5.938930511474609,2012.48,-0.0078125,2012.481,5.8984375
1.024038552E+02,5.987239213467376,2012.531,-0.0078125,2012.537,5.842404842376709,2012.538,5.9609375,2012.538,5.9453125,2012.545,5.91748046875,2012.545,-0.0078125,2012.546,5.8984375
1.024037875E+02,5.987069165489913,2012.596,-0.0078125,2012.602,5.874579906463623,2012.603,5.96875,2012.603,5.9453125,2012.61,5.928205490112305,2012.61,-0.0078125,2012.611,5.9375
1.024036574E+02,5.986742382030627,2012.661,-0.0078125,2012.667,5.863854885101318,2012.668,5.96875,2012.668,5.9453125,2012.675,5.91748046875,2012.675,-0.0078125,2012.676,5.9375
1.024035923E+02,5.986578864723981,2012.726,-0.0078125,2012.732,5.885305404663086,2012.733,5.9609375,2012.733,5.9453125,2012.74,5.906755447387695,2012.74,-0.0078125,2012.741,5.9375
1.024034559E+02,5.986236257060284,2012.791,-0.0078125,2012.797,5.874579906463623,2012.798,5.9609375,2012.798,5.90625,2012.805,5.91748046875,2012.805,-0.0078125,2012.806,5.9375
1.024036110E+02,5.9866258351322585,2012.856,-0.0078125,2012.862,5.885305404663086,2012.863,5.9609375,2012.863,5.90625,2012.87,5.91748046875,2012.87,-0.0078125,2012.871,5.9375
1.024036928E+02,5.986831299279231,2012.921,-0.0078125,2012.927,5.874579906463623,2012.928,5.953125,2012.928,5.90625,2012.935,5.928205490112305,2012.935,-0.0078125,2012.936,5.9375
1.024037144E+02,5.986885553872696,2012.986,-0.0078125,2012.992,5.874579906463623,2012.993,5.953125,2012.993,5.90625,2013.0,5.91748046875,2013.0,-0.0078125,2013.001,5.9375
1.024036578E+02,5.986743386745388,2013.051,-0.0078125,2013.057,5.853129863739014,2013.058,5.9609375,2013.058,5.9453125,2013.065,5.91748046875,2013.065,-0.0078125,2013.066,5.9140625
1.024037987E+02,5.987097297503283,2013.116,-0.0078125,2013.122,5.853129863739014,2013.123,5.9609375,2013.123,5.9453125,2013.13,5.928205490112305,2013.13,-0.0078125,2013.131,5.9140625
1.024037496E+02,5.986973968767813,2013.181,-0.0078125,2013.187,5.853129863739014,2013.188,5.9609375,2013.188,5.9453125,2013.195,5.938930511474609,2013.195,-0.0078125,2013.196,5.9140625
1.024036539E+02,5.986733590777419,2013.246,-0.0078125,2013.252,5.874579906463623,2013.253,5.9609375,2013.253,5.921875,2013.26,5.938930511474609,2013.26,-0.0078125,2013.261,5.9140625
1.024035424E+02,5.986453526578941,2013.311,-0.0078125,2013.317,5.853129863739014,2013.318,5.9609375,2013.318,5.921875,2013.325,5.928205490112305,2013.325,-0.0078125,2013.326,5.9140625
1.024033775E+02,5.986039333023655,2013.376,-0.0078125,2013.382,5.885305404663086,2013.383,5.9609375,2013.383,5.921875,2013.39,5.91748046875,2013.39,-0.0078125,2013.391,5.9140625
1.024034284E+02,5.986167182938971,2013.441,-0.0078125,2013.447,5.863854885101318,2013.448,5.9609375,2013.448,5.921875,2013.455,5.928205490112305,2013.455,-0.0078125,2013.456,5.9140625
1.024034718E+02,5.986276194462107,2013.506,-0.0078125,2013.512,5.874579906463623,2013.513,5.9609375,2013.513,5.9453125,2013.52,5.91748046875,2013.52,-0.0078125,2013.521,5.9453125
1.024032355E+02,5.985682659415772,2013.571,-0.0078125,2013.577,5.863854885101318,2013.578,5.96875,2013.578,5.9453125,2013.585,5.896030426025391,2013.585,-0.0078125,2013.586,5.9453125
1.024036221E+02,5.9866537159632,2013.636,-0.0078125,2013.642,5.874579906463623,2013.643,5.96875,2013.643,5.9453125,2013.65,5.91748046875,2013.65,-0.0078125,2013.651,5.9453125
1.035929709E+02,8.9754112266383,2904.166,-0.0078125,2904.172,8.86688232421875,2904.173,8.9453125,2904.173,8.9375,2904.18,8.899057388305664,2904.18,-0.0078125,2904.181,8.921875
1.035928645E+02,8.975143727872535,2904.231,-0.0078125,2904.237,8.856157302856445,2904.238,8.9375,2904.238,8.9375,2904.245,8.899057388305664,2904.245,-0.0078125,2904.246,8.921875
1.035926762E+02,8.974670325505087,2904.296,-0.0078125,2904.302,8.84543228149414,2904.303,8.9375,2904.303,8.9375,2904.31,8.920507431030273,2904.31,-0.0078125,2904.311,8.921875
1.035927331E+02,8.97481337698332,2904.361,-0.0078125,2904.367,8.84543228149414,2904.368,8.9375,2904.368,8.9375,2904.375,8.909782409667969,2904.375,-0.0078125,2904.376,8.9375
1.035927546E+02,8.97486742982818,2904.426,-0.0078125,2904.432,8.86688232421875,2904.433,8.953125,2904.433,8.9375,2904.44,8.920507431030273,2904.44,-0.0078125,2904.441,8.9375
1.035926956E+02,8.97471909876765,2904.491,-0.0078125,2904.497,8.856157302856445,2904.498,8.953125,2904.498,8.9375,2904.505,8.899057388305664,2904.505,-0.0078125,2904.506,8.9375
1.035926983E+02,8.974725886799092,2904.556,-0.0078125,2904.562,8.856157302856445,2904.563,8.9375,2904.563,8.9375,2904.57,8.88833236694336,2904.57,-0.0078125,2904.571,8.9375
1.035931934E+02,8.975970610876402,2904.621,-0.0078125,2904.627,8.856157302856445,2904.628,8.9375,2904.628,8.9375,2904.635,8.899057388305664,2904.635,-0.0078125,2904.636,8.9453125
1.035929745E+02,8.975420277348803,2904.686,-0.0078125,2904.692,8.86688232421875,2904.693,8.9375,2904.693,8.9140625,2904.7,8.909782409667969,2904.7,-0.0078125,2904.701,8.9453125
1.035929746E+02,8.975420528757525,2904.751,-0.0078125,2904.757,8.856157302856445,2904.758,8.9453125,2904.758,8.9140625,2904.765,8.909782409667969,2904.765,-0.0078125,2904.766,8.9453125
1.035926915E+02,8.974708791016212,2904.816,-0.0078125,2904.822,8.86688232421875,2904.823,8.9453125,2904.823,8.9140625,2904.83,8.920507431030273,2904.83,-0.0078125,2904.831,8.9453125
1.035926752E+02,8.974667811419522,2904.881,-0.0078125,2904.887,8.84543228149414,2904.888,8.9609375,2904.888,8.8984375,2904.895,8.899057388305664,2904.895,-0.0078125,2904.896,8.9453125
1.035930328E+02,8.975566848580854,2904.946,-0.0078125,2904.952,8.877607345581055,2904.953,8.9609375,2904.953,8.8984375,2904.96,8.909782409667969,2904.96,-0.0078125,2904.961,8.9453125
1.035925841E+02,8.97443877822235,2905.011,-0.0078125,2905.017,8.84543228149414,2905.018,8.9609375,2905.018,8.8984375,2905.025,8.899057388305664,2905.025,-0.0078125,2905.026,8.9453125
1.035925855E+02,8.974442297942176,2905.076,-0.0078125,2905.082,8.877607345581055,2905.083,8.9453125,2905.083,8.8984375,2905.09,8.899057388305664,2905.09,-0.0078125,2905.091,8.953125
1.035927498E+02,8.97485536221626,2905.141,-0.0078125,2905.147,8.88833236694336,2905.148,8.9453125,2905.148,8.90625,2905.155,8.920507431030273,2905.155,-0.0078125,2905.156,8.953125
1.035928824E+02,8.97518873001303,2905.206,-0.0078125,2905.212,8.86688232421875,2905.213,8.9609375,2905.213,8.90625,2905.22,8.920507431030273,2905.22,-0.0078125,2905.221,8.953125
1.035930924E+02,8.97571668813174,2905.271,-0.0078125,2905.277,8.877607345581055,2905.278,8.9609375,2905.278,8.90625,2905.285,8.899057388305664,2905.285,-0.0078125,2905.286,8.953125
1.035926368E+02,8.97457127053093,2905.336,-0.0078125,2905.342,8.86688232421875,2905.343,8.9609375,2905.343,8.90625,2905.35,8.909782409667969,2905.35,-0.0078125,2905.351,8.9375
1.047882671E+02,11.981872264296271,3552.566,-0.0078125,3552.572,11.880634307861328,3552.573,11.9765625,3552.573,11.921875,3552.58,11.89136028289795,3552.58,-0.0078125,3552.581,11.9375
1.047883971E+02,11.982199396509372,3552.631,-0.0078125,3552.637,11.880634307861328,3552.638,11.9765625,3552.638,11.9296875,3552.645,11.89136028289795,3552.645,-0.0078125,3552.646,11.9609375
1.047883623E+02,11.982111825729078,3552.696,-0.0078125,3552.702,11.880634307861328,3552.703,11.9765625,3552.703,11.9296875,3552.71,11.912810325622559,3552.71,-0.0078125,3552.711,11.9609375
1.047883731E+02,11.982139002867541,3552.761,-0.0078125,3552.767,11.859184265136719,3552.768,11.9453125,3552.768,11.9296875,3552.775,11.902085304260254,3552.775,-0.0078125,3552.776,11.9609375
1.047885477E+02,11.982578366637085,3552.826,-0.0078125,3552.832,11.869909286499023,3552.833,11.9453125,3552.833,11.9296875,3552.84,11.902085304260254,3552.84,-0.0078125,3552.841,11.9453125
1.047883734E+02,11.982139757788048,3552.891,-0.0078125,3552.897,11.902085304260254,3552.898,11.9453125,3552.898,11.9375,3552.905,11.923535346984863,3552.905,-0.0078125,3552.906,11.9453125
1.047884938E+02,11.982442732569098,3552.956,-0.0078125,3552.962,11.880634307861328,3552.963,11.9921875,3552.963,11.9375,3552.97,11.912810325622559,3552.97,-0.0078125,3552.971,11.9453125
1.047887279E+02,11.983031822319276,3553.021,-0.0078125,3553.027,11.859184265136719,3553.028,11.9921875,3553.028,11.9375,3553.035,11.934260368347168,3553.035,-0.0078125,3553.036,11.9453125
1.047887446E+02,11.983073846239733,3553.086,-0.0078125,3553.092,11.848459243774414,3553.093,11.96875,3553.093,11.953125,3553.1,11.912810325622559,3553.1,-0.0078125,3553.101,11.921875
1.047888393E+02,11.98331214955931,3553.151,-0.0078125,3553.157,11.89136028289795,3553.158,11.96875,3553.158,11.953125,3553.165,11.923535346984863,3553.165,-0.0078125,3553.166,11.921875
1.047887606E+02,11.983114108678933,3553.216,-0.0078125,3553.222,11.880634307861328,3553.223,11.96875,3553.223,11.953125,3553.23,11.912810325622559,3553.23,-0.0078125,3553.231,11.921875
1.047887733E+02,11.983146066990571,3553.281,-0.0078125,3553.287,11.859184265136719,3553.288,11.953125,3553.288,11.953125,3553.295,11.902085304260254,3553.295,-0.0078125,3553.296,11.921875
1.047887124E+02,11.98299281808221,3553.346,-0.0078125,3553.352,11.880634307861328,3553.353,11.953125,3553.353,11.8984375,3553.36,11.912810325622559,3553.36,-0.0078125,3553.361,11.953125
1.047887069E+02,11.982978977869095,3553.411,-0.0078125,3553.417,11.869909286499023,3553.418,11.9453125,3553.418,11.8984375,3553.425,11.912810325622559,3553.425,-0.0078125,3553.426,11.953125
1.047887533E+02,11.98309573894096,3553.476,-0.0078125,3553.482,11.869909286499023,3553.483,11.9453125,3553.483,11.8984375,3553.49,11.934260368347168,3553.49,-0.0078125,3553.491,11.953125
1.047882620E+02,11.98185943064857,3553.541,-0.0078125,3553.547,11.880634307861328,3553.548,11.9453125,3553.548,11.8984375,3553.555,11.923535346984863,3553.555,-0.0078125,3553.556,11.953125
1.047885121E+02,11.98248878272517,3553.606,-0.0078125,3553.612,11.880634307861328,3553.613,11.9765625,3553.613,11.921875,3553.62,11.902085304260254,3553.62,-0.0078125,3553.621,11.96875
1.047886128E+02,11.982742184415088,3553.671,-0.0078125,3553.677,11.869909286499023,3553.678,11.9765625,3553.678,11.921875,3553.685,11.934260368347168,3553.685,-0.0078125,3553.686,11.96875
1.047886731E+02,11.982893923470328,3553.736,-0.0078125,3553.742,11.89136028289795,3553.743,11.9765625,3553.743,11.921875,3553.75,11.902085304260254,3553.75,-0.0078125,3553.751,11.96875
1.059781308E+02,14.977420315512234,4601.716,-0.0078125,4601.722,14.862212181091309,4601.723,14.953125,4601.723,14.9296875,4601.73,14.915837287902832,4601.73,-0.0078125,4601.731,14.953125
1.059783050E+02,14.977859074900778,4601.781,-0.0078125,4601.787,14.862212181091309,4601.788,14.953125,4601.788,14.9296875,4601.795,14.905112266540527,4601.795,-0.0078125,4601.796,14.953125
1.059784649E+02,14.978261816779593,4601.846,-0.0078125,4601.852,14.872937202453613,4601.853,14.953125,4601.853,14.9296875,4601.86,14.894387245178223,4601.86,-0.0078125,4601.861,14.953125
1.059784201E+02,14.97814897852453,4601.911,-0.0078125,4601.917,14.862212181091309,4601.918,14.96875,4601.918,14.9296875,4601.925,14.905112266540527,4601.925,-0.0078125,4601.926,14.9296875
1.059783835E+02,14.978056793703104,4601.976,-0.0078125,4601.982,14.851487159729004,4601.983,14.96875,4601.983,14.9296875,4601.99,14.894387245178223,4601.99,-0.0078125,4601.991,14.9296875
1.059781689E+02,14.977516278381529,4602.041,-0.0078125,4602.047,14.851487159729004,4602.048,14.953125,4602.048,14.9296875,4602.055,14.894387245178223,4602.055,-0.0078125,4602.056,14.9296875
1.059784273E+02,14.978167113243899,4602.106,-0.0078125,4602.112,14.883662223815918,4602.113,14.953125,4602.113,14.9296875,4602.12,14.905112266540527,4602.12,-0.0078125,4602.121,14.9296875
1.059782422E+02,14.977700899867557,4602.171,-0.0078125,4602.177,14.883662223815918,4602.178,14.953125,4602.178,14.9296875,4602.185,14.915837287902832,4602.185,-0.0078125,4602.186,14.9375
1.059784167E+02,14.978140414907159,4602.236,-0.0078125,4602.242,14.872937202453613,4602.243,14.9609375,4602.243,14.9296875,4602.25,14.905112266540527,4602.25,-0.0078125,4602.251,14.9375
1.059786216E+02,14.97865649883147,4602.301,-0.0078125,4602.307,14.851487159729004,4602.308,14.9609375,4602.308,14.9296875,4602.315,14.926562309265137,4602.315,-0.0078125,4602.316,14.9375
1.059784938E+02,14.978334607530883,4602.366,-0.0078125,4602.372,14.872937202453613,4602.373,14.9609375,4602.373,14.921875,4602.38,14.905112266540527,4602.38,-0.0078125,4602.381,14.9453125
1.059784337E+02,14.978183232994354,4602.431,-0.0078125,4602.437,14.872937202453613,4602.438,14.9609375,4602.438,14.921875,4602.445,14.915837287902832,4602.445,-0.0078125,4602.446,14.9453125
1.059778299E+02,14.976662435627986,4602.496,-0.0078125,4602.502,14.8407621383667,4602.503,14.9609375,4602.503,14.921875,4602.51,14.905112266540527,4602.51,-0.0078125,4602.511,14.9453125
1.059784177E+02,14.978142933618187,4602.561,-0.0078125,4602.567,14.872937202453613,4602.568,14.9609375,4602.568,14.921875,4602.575,14.915837287902832,4602.575,-0.0078125,4602.576,14.9453125
1.059785303E+02,14.97842654048901,4602.626,-0.0078125,4602.632,14.872937202453613,4602.633,14.9609375,4602.633,14.9375,4602.64,14.915837287902832,4602.64,-0.0078125,4602.641,14.9375
1.059781062E+02,14.977358355235936,4602.691,-0.0078125,4602.697,14.894387245178223,4602.698,14.953125,4602.698,14.9375,4602.705,14.905112266540527,4602.705,-0.0078125,4602.706,14.9375
1.059781419E+02,14.97744827319832,4602.756,-0.0078125,4602.762,14.862212181091309,4602.763,14.953125,4602.763,14.9375,4602.77,14.905112266540527,4602.77,-0.0078125,4602.771,14.9375
1.059780295E+02,14.977165170154365,4602.821,-0.0078125,4602.827,14.883662223815918,4602.828,14.953125,4602.828,14.921875,4602.835,14.894387245178223,4602.835,-0.0078125,4602.836,14.9375
1.059783771E+02,14.97804067395316,4602.886,-0.0078125,4602.892,14.872937202453613,4602.893,14.9609375,4602.893,14.921875,4602.9,14.905112266540527,4602.9,-0.0078125,4602.901,14.9609375
1.071770664E+02,17.998588769655612,5317.916,-0.0078125,5317.922,17.886690139770508,5317.923,17.984375,5317.923,17.953125,5317.93,17.908140182495117,5317.93,-0.0078125,5317.931,17.9609375
1.071768998E+02,17.99816876420101,5317.981,-0.0078125,5317.987,17.875965118408203,5317.988,17.984375,5317.988,17.953125,5317.995,17.908140182495117,5317.995,-0.0078125,5317.996,17.9609375
1.071765072E+02,17.997179003661415,5318.046,-0.0078125,5318.052,17.897415161132812,5318.053,17.984375,5318.053,17.90625,5318.06,17.918865203857422,5318.06,-0.0078125,5318.061,17.9609375
1.071767701E+02,17.997841785202013,5318.111,-0.0078125,5318.117,17.897415161132812,5318.118,17.9609375,5318.118,17.90625,5318.125,17.908140182495117,5318.125,-0.0078125,5318.126,17.9609375
1.071766316E+02,17.997492621079573,5318.176,-0.0078125,5318.182,17.886690139770508,5318.183,17.9609375,5318.183,17.90625,5318.19,17.897415161132812,5318.19,-0.0078125,5318.191,17.9609375
1.071765121E+02,17.99719135675855,5318.241,-0.0078125,5318.247,17.875965118408203,5318.248,17.984375,5318.248,17.90625,5318.255,17.918865203857422,5318.255,-0.0078125,5318.256,17.9609375
1.071764933E+02,17.997143961202596,5318.306,-0.0078125,5318.312,17.886690139770508,5318.313,17.984375,5318.313,17.921875,5318.32,17.929590225219727,5318.32,-0.0078125,5318.321,17.953125
1.071764321E+02,17.996989673546523,5318.371,-0.0078125,5318.377,17.886690139770508,5318.378,17.984375,5318.378,17.921875,5318.385,17.94031524658203,5318.385,-0.0078125,5318.386,17.953125
1.071762675E+02,17.996574710377047,5318.436,-0.0078125,5318.442,17.886690139770508,5318.443,17.9765625,5318.443,17.921875,5318.45,17.918865203857422,5318.45,-0.0078125,5318.451,17.953125
1.071758071E+02,17.995414023881665,5318.501,-0.0078125,5318.507,17.908140182495117,5318.508,17.9765625,5318.508,17.921875,5318.515,17.918865203857422,5318.515,-0.0078125,5318.516,17.9765625
1.071763465E+02,17.996773872523534,5318.566,-0.0078125,5318.572,17.8652400970459,5318.573,17.9609375,5318.573,17.953125,5318.58,17.918865203857422,5318.58,-0.0078125,5318.581,17.9765625
1.071760860E+02,17.996117141694242,5318.631,-0.0078125,5318.637,17.897415161132812,5318.638,17.9609375,5318.638,17.953125,5318.645,17.94031524658203,5318.645,-0.0078125,5318.646,17.9765625
1.071762614E+02,17.996559332034565,5318.696,-0.0078125,5318.702,17.897415161132812,5318.703,17.9609375,5318.703,17.953125,5318.71,17.94031524658203,5318.71,-0.0078125,5318.711,17.9765625
1.071758218E+02,17.995451083153,5318.761,-0.0078125,5318.767,17.897415161132812,5318.768,17.984375,5318.768,17.953125,5318.775,17.94031524658203,5318.775,-0.0078125,5318.776,17.9765625
1.071756213E+02,17.994945614895926,5318.826,-0.0078125,5318.832,17.8652400970459,5318.833,17.984375,5318.833,17.9453125,5318.84,17.897415161132812,5318.84,-0.0078125,5318.841,17.9765625
1.071751548E+02,17.993769550650086,5318.891,-0.0078125,5318.897,17.886690139770508,5318.898,17.9765625,5318.898,17.9453125,5318.905,17.897415161132812,5318.905,-0.0078125,5318.906,17.9765625
1.071752401E+02,17.993984595163226,5318.956,-0.0078125,5318.962,17.886690139770508,5318.963,17.9765625,5318.963,17.9453125,5318.97,17.908140182495117,5318.97,-0.0078125,5318.971,17.9765625
1.071754326E+02,17.99446989496664,5319.021,-0.0078125,5319.027,17.897415161132812,5319.028,17.9765625,5319.028,17.90625,5319.035,17.929590225219727,5319.035,-0.0078125,5319.036,17.9453125
1.071752643E+02,17.99404560427746,5319.086,-0.0078125,5319.092,17.897415161132812,5319.093,17.9765625,5319.093,17.90625,5319.1,17.929590225219727,5319.1,-0.0078125,5319.101,17.9453125
1.083570529E+02,20.97473906884852,6115.616,-0.0078125,6115.622,20.878992080688477,6115.623,20.9609375,6115.623,20.90625,6115.63,20.91116714477539,6115.63,-0.0078125,6115.631,20.953125
1.083565580E+02,20.973490268283967,6115.681,-0.0078125,6115.687,20.857542037963867,6115.688,20.9609375,6115.688,20.90625,6115.695,20.91116714477539,6115.695,-0.0078125,6115.696,20.953125
1.083566423E+02,20.973702985743785,6115.746,-0.0078125,6115.752,20.878992080688477,6115.753,20.96875,6115.753,20.90625,6115.76,20.91116714477539,6115.76,-0.0078125,6115.761,20.953125
1.083568120E+02,20.974131196378266,6115.811,-0.0078125,6115.817,20.868267059326172,6115.818,20.96875,6115.818,20.9296875,6115.825,20.900442123413086,6115.825,-0.0078125,6115.826,20.953125
1.083570350E+02,20.974693901068633,6115.876,-0.0078125,6115.882,20.868267059326172,6115.883,20.96875,6115.883,20.9296875,6115.89,20.91116714477539,6115.89,-0.0078125,6115.891,20.9453125
1.083569979E+02,20.974600285169515,6115.941,-0.0078125,6115.947,20.868267059326172,6115.948,20.96875,6115.948,20.9296875,6115.955,20.900442123413086,6115.955,-0.0078125,6115.956,20.9453125
1.083569302E+02,20.9744294550855,6116.006,-0.0078125,6116.012,20.868267059326172,6116.013,20.96875,6116.013,20.890625,6116.02,20.91116714477539,6116.02,-0.0078125,6116.021,20.9453125
1.083569452E+02,20.974467305177257,6116.071,-0.0078125,6116.077,20.878992080688477,6116.078,20.96875,6116.078,20.890625,6116.085,20.900442123413086,6116.085,-0.0078125,6116.086,20.9140625
1.083571259E+02,20.974923272649733,6116.136,-0.0078125,6116.142,20.857542037963867,6116.143,20.96875,6116.143,20.890625,6116.15,20.91116714477539,6116.15,-0.0078125,6116.151,20.9140625
1.083568513E+02,20.974230363610445,6116.201,-0.0078125,6116.207,20.878992080688477,6116.208,20.953125,6116.208,20.890625,6116.215,20.91116714477539,6116.215,-0.0078125,6116.216,20.9140625
1.083573458E+02,20.975478155121948,6116.266,-0.0078125,6116.272,20.88971710205078,6116.273,20.953125,6116.273,20.9453125,6116.28,20.91116714477539,6116.28,-0.0078125,6116.281,20.9140625
1.083575228E+02,20.9759247863754,6116.331,-0.0078125,6116.337,20.868267059326172,6116.338,20.953125,6116.338,20.9453125,6116.345,20.88971710205078,6116.345,-0.0078125,6116.346,20.9296875
1.083575966E+02,20.976111008916064,6116.396,-0.0078125,6116.402,20.900442123413086,6116.403,20.9765625,6116.403,20.9453125,6116.41,20.900442123413086,6116.41,-0.0078125,6116.411,20.9296875
1.083574757E+02,20.97580593703583,6116.461,-0.0078125,6116.467,20.868267059326172,6116.468,20.9765625,6116.468,20.9453125,6116.475,20.91116714477539,6116.475,-0.0078125,6116.476,20.9296875
1.083574773E+02,20.97580997438064,6116.526,-0.0078125,6116.532,20.868267059326172,6116.533,20.984375,6116.533,20.9609375,6116.54,20.91116714477539,6116.54,-0.0078125,6116.541,20.9296875
1.083572165E+02,20.975151887244863,6116.591,-0.0078125,6116.597,20.88971710205078,6116.598,20.984375,6116.598,20.9609375,6116.605,20.900442123413086,6116.605,-0.0078125,6116.606,20.9453125
1.083571013E+02,20.974861198490885,6116.656,-0.0078125,6116.662,20.868267059326172,6116.663,20.984375,6116.663,20.9609375,6116.67,20.878992080688477,6116.67,-0.0078125,6116.671,20.9453125
1.083572451E+02,20.9752240547694,6116.721,-0.0078125,6116.727,20.878992080688477,6116.728,20.9765625,6116.728,20.9609375,6116.735,20.91116714477539,6116.735,-0.0078125,6116.736,20.9453125
1.083572460E+02,20.975226325775395,6116.786,-0.0078125,6116.792,20.868267059326172,6116.793,20.9765625,6116.793,20.953125,6116.8,20.900442123413086,6116.8,-0.0078125,6116.801,20.953125
1.095521986E+02,23.991890936797176,6890.966,-0.0078125,6890.972,23.88201904296875,6890.973,23.9921875,6890.973,23.96875,6890.98,23.914194107055664,6890.981,-0.0078125,6890.981,23.9765625
1.095524965E+02,23.992643334586433,6891.031,-0.0078125,6891.037,23.90346908569336,6891.038,24.0,6891.038,23.9140625,6891.045,23.92491912841797,6891.045,-0.0078125,6891.046,23.9765625
1.095525961E+02,23.992894891589856,6891.096,-0.0078125,6891.102,23.90346908569336,6891.103,24.0,6891.103,23.9140625,6891.11,23.935644149780273,6891.11,-0.0078125,6891.111,23.9609375
1.095524028E+02,23.992406679069745,6891.161,-0.0078125,6891.167,23.88201904296875,6891.168,24.0078125,6891.168,23.9140625,6891.175,23.957094192504883,6891.175,-0.0078125,6891.176,23.9609375
1.095530742E+02,23.99410241598963,6891.226,-0.0078125,6891.232,23.914194107055664,6891.233,24.0078125,6891.233,23.9140625,6891.24,23.90346908569336,6891.24,-0.0078125,6891.241,23.9609375
1.095531449E+02,23.99428098112918,6891.291,-0.0078125,6891.297,23.914194107055664,6891.298,24.0078125,6891.298,23.9453125,6891.305,23.935644149780273,6891.305,-0.0078125,6891.306,23.9609375
1.095532273E+02,23.99448909666478,6891.356,-0.0078125,6891.362,23.914194107055664,6891.363,23.984375,6891.363,23.9453125,6891.37,23.92491912841797,6891.37,-0.0078125,6891.371,23.984375
1.095531546E+02,23.994305480166076,6891.421,-0.0078125,6891.427,23.88201904296875,6891.428,23.984375,6891.428,23.9453125,6891.435,23.935644149780273,6891.435,-0.0078125,6891.436,23.984375
1.095533817E+02,23.994879060762287,6891.486,-0.0078125,6891.492,23.914194107055664,6891.493,23.9921875,6891.493,23.9453125,6891.5,23.914194107055664,6891.5,-0.0078125,6891.501,23.984375
1.095529339E+02,23.99374806398083,6891.551,-0.0078125,6891.557,23.90346908569336,6891.558,23.9921875,6891.558,23.9453125,6891.565,23.935644149780273,6891.565,-0.0078125,6891.566,24.0
1.095534909E+02,23.995154864413735,6891.616,-0.0078125,6891.622,23.90346908569336,6891.623,23.984375,6891.623,23.9453125,6891.63,23.935644149780273,6891.63,-0.0078125,6891.631,24.0
1.095532415E+02,23.994524961236493,6891.681,-0.0078125,6891.687,23.90346908569336,6891.688,23.984375,6891.688,23.9453125,6891.695,23.935644149780273,6891.695,-0.0078125,6891.696,24.0
1.095534647E+02,23.995088691740648,6891.746,-0.0078125,6891.752,23.90346908569336,6891.753,23.984375,6891.753,23.9453125,6891.76,23.935644149780273,6891.76,-0.0078125,6891.761,24.0
1.095532975E+02,23.994666398988272,6891.811,-0.0078125,6891.817,23.90346908569336,6891.818,23.9921875,6891.818,23.9609375,6891.825,23.92491912841797,6891.825,-0.0078125,6891.826,23.96875
1.095535353E+02,23.995267004366553,6891.876,-0.0078125,6891.882,23.914194107055664,6891.883,23.9921875,6891.883,23.9609375,6891.89,23.92491912841797,6891.89,-0.0078125,6891.891,23.96875
1.095537338E+02,23.995768350824562,6891.941,-0.0078125,6891.947,23.90346908569336,6891.948,23.9921875,6891.948,23.9609375,6891.955,23.935644149780273,6891.955,-0.0078125,6891.956,23.96875
1.095538717E+02,23.99611664143191,6892.006,-0.0078125,6892.012,23.871294021606445,6892.013,23.9921875,6892.013,23.9375,6892.02,23.946369171142578,6892.02,-0.0078125,6892.021,23.96875
1.095540232E+02,23.996499281264448,6892.071,-0.0078125,6892.077,23.892744064331055,6892.078,23.9921875,6892.078,23.9375,6892.085,23.957094192504883,6892.085,-0.0078125,6892.086,23.9765625
1.095541119E+02,23.996723308698847,6892.136,-0.0078125,6892.142,23.92491912841797,6892.143,23.9921875,6892.143,23.9375,6892.15,23.935644149780273,6892.15,-0.0078125,6892.151,23.9765625
1.107392914E+02,26.991475332830078,7678.216,-0.0078125,7678.222,26.885046005249023,7678.223,26.9765625,7678.223,26.9375,7678.23,26.927946090698242,7678.231,-0.0078125,7678.231,26.953125
1.107391312E+02,26.991070348334972,7678.281,-0.0078125,7678.287,26.87432098388672,7678.288,26.9765625,7678.288,26.9375,7678.295,26.917221069335938,7678.296,-0.0078125,7678.296,26.953125
1.107391570E+02,26.99113557055358,7678.346,-0.0078125,7678.352,26.885046005249023,7678.353,26.9921875,7678.353,26.9375,7678.36,26.917221069335938,7678.361,-0.0078125,7678.361,26.953125
1.107390897E+02,26.990965436629324,7678.411,-0.0078125,7678.417,26.895771026611328,7678.418,26.9921875,7678.418,26.921875,7678.425,26.906496047973633,7678.426,-0.0078125,7678.426,26.9453125
1.107393072E+02,26.99151527512379,7678.476,-0.0078125,7678.482,26.895771026611328,7678.483,26.9921875,7678.483,26.921875,7678.49,26.917221069335938,7678.491,-0.0078125,7678.491,26.9453125
1.107392336E+02,26.991329214822883,7678.541,-0.0078125,7678.547,26.917221069335938,7678.548,26.984375,7678.548,26.921875,7678.555,26.917221069335938,7678.556,-0.0078125,7678.556,26.9453125
1.107393294E+02,26.991571396575296,7678.606,-0.0078125,7678.612,26.895771026611328,7678.613,26.984375,7678.613,26.921875,7678.62,26.895771026611328,7678.621,-0.0078125,7678.621,26.9765625
1.107392918E+02,26.991476344027433,7678.671,-0.0078125,7678.677,26.895771026611328,7678.678,26.9921875,7678.678,26.8984375,7678.685,26.895771026611328,7678.686,-0.0078125,7678.686,26.9765625
1.107393248E+02,26.991559767805995,7678.736,-0.0078125,7678.742,26.906496047973633,7678.743,26.9921875,7678.743,26.8984375,7678.75,26.917221069335938,7678.751,-0.0078125,7678.751,26.9765625
1.107391488E+02,26.991114841011097,7678.801,-0.0078125,7678.807,26.895771026611328,7678.808,26.984375,7678.808,26.8984375,7678.815,26.917221069335938,7678.816,-0.0078125,7678.816,26.9765625
1.107394418E+02,26.99185554303847,7678.866,-0.0078125,7678.872,26.895771026611328,7678.873,26.984375,7678.873,26.8984375,7678.88,26.895771026611328,7678.881,-0.0078125,7678.881,26.9609375
1.107393471E+02,26.991616142057637,7678.931,-0.0078125,7678.937,26.895771026611328,7678.938,26.984375,7678.938,26.9140625,7678.945,26.917221069335938,7678.946,-0.0078125,7678.946,26.9609375
1.107393191E+02,26.991545358244082,7678.996,-0.0078125,7679.002,26.895771026611328,7679.003,26.9765625,7679.003,26.9140625,7679.01,26.917221069335938,7679.011,-0.0078125,7679.011,26.9609375
1.107394847E+02,26.991963993963736,7679.061,-0.0078125,7679.067,26.906496047973633,7679.068,26.9765625,7679.068,26.9140625,7679.075,26.917221069335938,7679.076,-0.0078125,7679.076,26.9609375
1.107394816E+02,26.99195615718355,7679.126,-0.0078125,7679.132,26.906496047973633,7679.133,26.9921875,7679.133,26.9140625,7679.14,26.938671112060547,7679.141,-0.0078125,7679.141,26.953125
1.107393478E+02,26.99161791165301,7679.191,-0.0078125,7679.197,26.895771026611328,7679.198,26.9921875,7679.198,26.921875,7679.205,26.917221069335938,7679.206,-0.0078125,7679.206,26.953125
1.107395931E+02,26.992238028485588,7679.256,-0.0078125,7679.262,26.917221069335938,7679.263,26.9921875,7679.263,26.921875,7679.27,26.917221069335938,7679.271,-0.0078125,7679.271,26.953125
1.107393901E+02,26.991724845774286,7679.321,-0.0078125,7679.327,26.906496047973633,7679.328,26.9921875,7679.328,26.921875,7679.335,26.938671112060547,7679.336,-0.0078125,7679.336,26.9609375
1.107393663E+02,26.991664679530686,7679.386,-0.0078125,7679.392,26.885046005249023,7679.393,26.9921875,7679.393,26.90625,7679.4,26.927946090698242,7679.401,-0.0078125,7679.401,26.9609375
1.119214477E+02,29.9813270642544,8547.616,-0.0078125,8547.622,29.866622924804688,8547.623,29.9765625,8547.623,29.9296875,8547.63,29.888072967529297,8547.631,-0.0078125,8547.631,29.921875
1.119211899E+02,29.980674750552453,8547.681,-0.0078125,8547.687,29.909523010253906,8547.688,29.9765625,8547.688,29.9296875,8547.695,29.920249938964844,8547.696,-0.0078125,8547.696,29.921875
1.119213108E+02,29.980980664913886,8547.746,-0.0078125,8547.752,29.888072967529297,8547.753,29.9765625,8547.753,29.9296875,8547.76,29.8987979888916,8547.761,-0.0078125,8547.761,29.921875
1.119215231E+02,29.981517849589864,8547.811,-0.0078125,8547.817,29.888072967529297,8547.818,29.96875,8547.818,29.921875,8547.825,29.93097496032715,8547.826,-0.0078125,8547.826,29.921875
1.119212849E+02,29.980915129907714,8547.876,-0.0078125,8547.882,29.888072967529297,8547.883,29.96875,8547.883,29.921875,8547.89,29.909523010253906,8547.891,-0.0078125,8547.891,29.9296875
1.119211986E+02,29.980696764240008,8547.941,-0.0078125,8547.947,29.877347946166992,8547.948,29.9609375,8547.948,29.921875,8547.955,29.909523010253906,8547.956,-0.0078125,8547.956,29.9296875
1.119211222E+02,29.980503448643844,8548.006,-0.0078125,8548.012,29.877347946166992,8548.013,29.9609375,8548.013,29.9453125,8548.02,29.8987979888916,8548.021,-0.0078125,8548.021,29.9296875
1.119212991E+02,29.980951060297002,8548.071,-0.0078125,8548.077,29.8987979888916,8548.078,29.9609375,8548.078,29.9453125,8548.085,29.8987979888916,8548.086,-0.0078125,8548.086,29.9453125
1.119215982E+02,29.98170787584354,8548.136,-0.0078125,8548.142,29.877347946166992,8548.143,29.96875,8548.143,29.9453125,8548.15,29.920249938964844,8548.151,-0.0078125,8548.151,29.9453125
1.119213726E+02,29.981137038022894,8548.201,-0.0078125,8548.207,29.888072967529297,8548.208,29.96875,8548.208,29.9453125,8548.215,29.8987979888916,8548.216,-0.0078125,8548.216,29.9453125
1.119213283E+02,29.981024945324293,8548.266,-0.0078125,8548.272,29.888072967529297,8548.273,29.96875,8548.273,29.921875,8548.28,29.8987979888916,8548.281,-0.0078125,8548.281,29.9453125
1.119209765E+02,29.98013478267592,8548.331,-0.0078125,8548.337,29.888072967529297,8548.338,29.96875,8548.338,29.921875,8548.345,29.909523010253906,8548.346,-0.0078125,8548.346,29.953125
1.119212144E+02,29.980736743121383,8548.396,-0.0078125,8548.402,29.8987979888916,8548.403,29.96875,8548.403,29.921875,8548.41,29.8987979888916,8548.411,-0.0078125,8548.411,29.953125
1.119211511E+02,29.980576574568317,8548.461,-0.0078125,8548.467,29.866622924804688,8548.468,29.9609375,8548.468,29.921875,8548.475,29.909523010253906,8548.476,-0.0078125,8548.476,29.953125
1.119213192E+02,29.98100191951079,8548.526,-0.0078125,8548.532,29.877347946166992,8548.533,29.9609375,8548.533,29.921875,8548.54,29.920249938964844,8548.541,-0.0078125,8548.541,29.953125
1.119214037E+02,29.981215730642077,8548.591,-0.0078125,8548.597,29.8987979888916,8548.598,29.9765625,8548.598,29.921875,8548.605,29.909523010253906,8548.606,-0.0078125,8548.606,29.9609375
1.119211514E+02,29.980577333660847,8548.656,-0.0078125,8548.662,29.877347946166992,8548.663,29.9765625,8548.663,29.921875,8548.67,29.877347946166992,8548.671,-0.0078125,8548.671,29.9609375
1.119211226E+02,29.980504460767406,8548.721,-0.0078125,8548.727,29.888072967529297,8548.728,29.9609375,8548.728,29.90625,8548.735,29.8987979888916,8548.736,-0.0078125,8548.736,29.9609375
1.119211168E+02,29.9804897849765,8548.786,-0.0078125,8548.792,29.8987979888916,8548.793,29.9609375,8548.793,29.90625,8548.8,29.888072967529297,8548.801,-0.0078125,8548.801,29.9609375
1.131136760E+02,32.9994283525329,9280.366,-0.0078125,9280.373,32.8911018371582,9280.373,33.0,9280.374,32.953125,9280.381,32.93400192260742,9280.381,-0.0078125,9280.381,32.9921875
1.131137835E+02,32.999700612421975,9280.431,-0.0078125,9280.437,32.901824951171875,9280.438,32.984375,9280.438,32.953125,9280.445,32.93400192260742,9280.446,-0.0078125,9280.446,32.9921875
1.131135818E+02,32.99918977690919,9280.496,-0.0078125,9280.502,32.91255187988281,9280.503,32.984375,9280.503,32.953125,9280.51,32.91255187988281,9280.511,-0.0078125,9280.511,32.9921875
1.131131266E+02,32.9980369149053,9280.561,-0.0078125,9280.567,32.91255187988281,9280.568,32.9921875,9280.568,32.953125,9280.575,32.93400192260742,9280.576,-0.0078125,9280.576,32.9921875
1.131133679E+02,32.99864804315325,9280.626,-0.0078125,9280.632,32.8911018371582,9280.633,32.9921875,9280.633,32.9765625,9280.64,32.923274993896484,9280.641,-0.0078125,9280.641,32.9921875
1.131129515E+02,32.99759344810491,9280.691,-0.0078125,9280.697,32.91255187988281,9280.698,32.9921875,9280.698,32.9765625,9280.705,32.923274993896484,9280.706,-0.0078125,9280.706,32.96875
1.131132881E+02,32.99844593773571,9280.756,-0.0078125,9280.762,32.91255187988281,9280.763,32.9921875,9280.763,32.9765625,9280.77,32.91255187988281,9280.771,-0.0078125,9280.771,32.96875
1.131130249E+02,32.997779344517596,9280.821,-0.0078125,9280.827,32.901824951171875,9280.828,32.9921875,9280.828,32.9453125,9280.835,32.93400192260742,9280.836,-0.0078125,9280.836,32.96875
1.131129983E+02,32.99771197606168,9280.886,-0.0078125,9280.892,32.91255187988281,9280.893,32.984375,9280.893,32.9453125,9280.9,32.93400192260742,9280.901,-0.0078125,9280.901,32.953125
1.131130654E+02,32.9978819167934,9280.951,-0.0078125,9280.957,32.901824951171875,9280.958,32.984375,9280.958,32.9453125,9280.965,32.8911018371582,9280.966,-0.0078125,9280.966,32.953125
1.131128916E+02,32.99744174245723,9281.016,-0.0078125,9281.022,32.91255187988281,9281.023,32.984375,9281.023,32.9453125,9281.03,32.93400192260742,9281.031,-0.0078125,9281.031,32.953125
1.131129613E+02,32.997618268061274,9281.081,-0.0078125,9281.087,32.91255187988281,9281.088,32.9921875,9281.088,32.9140625,9281.095,32.944725036621094,9281.096,-0.0078125,9281.096,32.953125
1.131130042E+02,32.99772691868907,9281.146,-0.0078125,9281.152,32.923274993896484,9281.153,32.9921875,9281.153,32.9140625,9281.16,32.923274993896484,9281.161,-0.0078125,9281.161,32.9921875
1.131128343E+02,32.997296621702276,9281.211,-0.0078125,9281.217,32.901824951171875,9281.218,32.984375,9281.218,32.9140625,9281.225,32.93400192260742,9281.226,-0.0078125,9281.226,32.9921875
1.131129736E+02,32.997649419639515,9281.276,-0.0078125,9281.282,32.8911018371582,9281.283,32.984375,9281.283,32.9140625,9281.29,32.93400192260742,9281.291,-0.0078125,9281.291,32.9921875
1.131131369E+02,32.99806300118951,9281.341,-0.0078125,9281.347,32.923274993896484,9281.348,32.984375,9281.348,32.953125,9281.355,32.944725036621094,9281.356,-0.0078125,9281.356,32.9921875
1.131131124E+02,32.998000951290464,9281.406,-0.0078125,9281.412,32.901824951171875,9281.413,33.0,9281.413,32.953125,9281.42,32.923274993896484,9281.421,-0.0078125,9281.421,32.9765625
1.131133006E+02,32.99847759585168,9281.471,-0.0078125,9281.477,32.901824951171875,9281.478,33.0,9281.478,32.953125,9281.485,32.923274993896484,9281.486,-0.0078125,9281.486,32.9765625
1.131132697E+02,32.99839933698962,9281.536,-0.0078125,9281.542,32.923274993896484,9281.543,32.984375,9281.543,32.953125,9281.55,32.923274993896484,9281.551,-0.0078125,9281.551,32.9765625
1.142963570E+02,35.996120776736916,10339.666,-0.0078125,10339.673,35.92630386352539,10339.673,35.9609375,10339.674,35.9375,10339.681,35.91557693481445,10339.681,-0.0078125,10339.681,35.96875
1.142964435E+02,35.996340052224866,10339.731,-0.0078125,10339.738,35.894126892089844,10339.738,35.9609375,10339.739,35.9375,10339.746,35.91557693481445,10339.746,-0.0078125,10339.746,35.96875
1.142960781E+02,35.995413771824474,10339.796,-0.0078125,10339.803,35.90485382080078,10339.803,35.9765625,10339.804,35.8984375,10339.811,35.92630386352539,10339.811,-0.0078125,10339.811,35.96875
1.142963084E+02,35.99599757687383,10339.861,-0.0078125,10339.868,35.90485382080078,10339.868,35.9765625,10339.869,35.8984375,10339.876,35.92630386352539,10339.876,-0.0078125,10339.876,35.96875
1.142962142E+02,35.99575878209066,10339.926,-0.0078125,10339.933,35.90485382080078,10339.933,35.9765625,10339.934,35.8984375,10339.941,35.894126892089844,10339.941,-0.0078125,10339.941,35.96875
1.142960540E+02,35.99535267890093,10339.991,-0.0078125,10339.998,35.90485382080078,10339.998,35.984375,10339.999,35.8984375,10340.006,35.91557693481445,10340.006,-0.0078125,10340.006,35.96875
1.142962873E+02,35.99594408886884,10340.056,-0.0078125,10340.063,35.90485382080078,10340.063,35.984375,10340.064,35.9609375,10340.071,35.92630386352539,10340.071,-0.0078125,10340.071,35.96875
1.142961915E+02,35.99570123812748,10340.121,-0.0078125,10340.128,35.90485382080078,10340.128,35.96875,10340.129,35.9609375,10340.136,35.93702697753906,10340.136,-0.0078125,10340.136,35.984375
1.142959472E+02,35.99508194346919,10340.186,-0.0078125,10340.193,35.92630386352539,10340.193,35.96875,10340.194,35.9609375,10340.201,35.92630386352539,10340.201,-0.0078125,10340.201,35.984375
1.142961906E+02,35.99569895664882,10340.251,-0.0078125,10340.258,35.90485382080078,10340.258,35.9765625,10340.259,35.9609375,10340.266,35.90485382080078,10340.266,-0.0078125,10340.266,35.984375
1.142960333E+02,35.99530020489698,10340.316,-0.0078125,10340.323,35.90485382080078,10340.323,35.9765625,10340.324,35.9453125,10340.331,35.92630386352539,10340.331,-0.0078125,10340.331,35.984375
1.142961918E+02,35.99570199862035,10340.381,-0.0078125,10340.388,35.90485382080078,10340.388,35.9765625,10340.389,35.9453125,10340.396,35.92630386352539,10340.396,-0.0078125,10340.396,35.984375
1.142962515E+02,35.99585333671075,10340.446,-0.0078125,10340.453,35.90485382080078,10340.453,35.96875,10340.454,35.9453125,10340.461,35.93702697753906,10340.461,-0.0078125,10340.461,35.984375
1.142961364E+02,35.99556156093473,10340.511,-0.0078125,10340.518,35.894126892089844,10340.518,35.96875,10340.519,35.9765625,10340.526,35.92630386352539,10340.526,-0.0078125,10340.526,35.984375
1.142962800E+02,35.99592558354027,10340.576,-0.0078125,10340.583,35.90485382080078,10340.583,35.9765625,10340.584,35.9765625,10340.591,35.90485382080078,10340.591,-0.0078125,10340.591,35.984375
1.142957588E+02,35.99460435405439,10340.641,-0.0078125,10340.648,35.91557693481445,10340.648,35.9765625,10340.649,35.9765625,10340.656,35.90485382080078,10340.656,-0.0078125,10340.656,35.9765625
1.142959857E+02,35.99517954004068,10340.706,-0.0078125,10340.713,35.90485382080078,10340.713,35.9765625,10340.714,35.9765625,10340.721,35.90485382080078,10340.721,-0.0078125,10340.721,35.9765625
1.142958562E+02,35.99485126067509,10340.771,-0.0078125,10340.778,35.91557693481445,10340.778,36.0,10340.779,35.9609375,10340.786,35.91557693481445,10340.786,-0.0078125,10340.786,35.9765625
1.142960258E+02,35.99528119257684,10340.836,-0.0078125,10340.843,35.90485382080078,10340.843,36.0,10340.844,35.9609375,10340.851,35.92630386352539,10340.851,-0.0078125,10340.851,35.96875
1.154771365E+02,38.99074301226335,11721.266,-0.0078125,11721.273,38.89715576171875,11721.273,38.9765625,11721.274,38.9375,11721.281,38.91860580444336,11721.281,-0.0078125,11721.281,39.0234375
1.154769920E+02,38.99037637180612,11721.331,-0.0078125,11721.338,38.89715576171875,11721.338,38.9765625,11721.339,38.9375,11721.346,38.90788269042969,11721.346,-0.0078125,11721.346,38.953125
1.154772582E+02,38.99105180221659,11721.396,-0.0078125,11721.403,38.89715576171875,11721.403,38.9765625,11721.404,38.953125,11721.411,38.89715576171875,11721.411,-0.0078125,11721.411,38.953125
1.154770207E+02,38.990449192433516,11721.461,-0.0078125,11721.468,38.90788269042969,11721.468,38.9765625,11721.469,38.953125,11721.476,38.91860580444336,11721.476,-0.0078125,11721.476,38.953125
1.154768099E+02,38.989914328769714,11721.526,-0.0078125,11721.533,38.90788269042969,11721.533,38.9765625,11721.534,38.953125,11721.541,38.89715576171875,11721.541,-0.0078125,11721.541,38.953125
1.154766221E+02,38.98943782316974,11721.591,-0.0078125,11721.598,38.89715576171875,11721.598,38.9765625,11721.599,38.953125,11721.606,38.94005584716797,11721.606,-0.0078125,11721.606,38.953125
1.154766550E+02,38.98952130045035,11721.656,-0.0078125,11721.663,38.89715576171875,11721.663,38.9765625,11721.664,38.9609375,11721.671,38.91860580444336,11721.671,-0.0078125,11721.671,38.953125
1.154766920E+02,38.98961518067733,11721.721,-0.0078125,11721.728,38.90788269042969,11721.728,38.9921875,11721.729,38.9609375,11721.736,38.90788269042969,11721.736,-0.0078125,11721.736,38.953125
1.154767207E+02,38.98968800128756,11721.786,-0.0078125,11721.793,38.91860580444336,11721.793,38.9921875,11721.794,38.9609375,11721.801,38.90788269042969,11721.801,-0.0078125,11721.801,38.984375
1.154767120E+02,38.98966592674702,11721.851,-0.0078125,11721.858,38.88642883300781,11721.858,38.96875,11721.859,38.9609375,11721.866,38.89715576171875,11721.866,-0.0078125,11721.866,38.984375
1.154766054E+02,38.98939545020437,11721.916,-0.0078125,11721.923,38.88642883300781,11721.923,38.96875,11721.924,38.9609375,11721.931,38.91860580444336,11721.931,-0.0078125,11721.931,38.984375
1.154764647E+02,38.98903845165012,11721.981,-0.0078125,11721.988,38.91860580444336,11721.988,38.96875,11721.989,38.9609375,11721.996,38.90788269042969,11721.996,-0.0078125,11721.996,38.984375
1.154765374E+02,38.9892229135848,11722.046,-0.0078125,11722.053,38.9293327331543,11722.053,38.96875,11722.054,38.9609375,11722.061,38.91860580444336,11722.061,-0.0078125,11722.061,38.984375
1.154766899E+02,38.98960985233998,11722.111,-0.0078125,11722.118,38.90788269042969,11722.118,38.96875,11722.119,38.953125,11722.126,38.91860580444336,11722.126,-0.0078125,11722.126,38.984375
1.154764615E+02,38.98903033228049,11722.176,-0.0078125,11722.183,38.91860580444336,11722.183,38.9765625,11722.184,38.953125,11722.191,38.94005584716797,11722.191,-0.0078125,11722.191,38.984375
1.154762996E+02,38.9886195429487,11722.241,-0.0078125,11722.248,38.89715576171875,11722.248,38.9765625,11722.249,38.953125,11722.256,38.91860580444336,11722.256,-0.0078125,11722.256,38.984375
1.154762418E+02,38.98847288685636,11722.306,-0.0078125,11722.313,38.91860580444336,11722.313,38.96875,11722.314,38.953125,11722.321,38.90788269042969,11722.321,-0.0078125,11722.321,38.9765625
1.154765130E+02,38.98916100338823,11722.371,-0.0078125,11722.378,38.9293327331543,11722.378,38.96875,11722.379,38.953125,11722.386,38.90788269042969,11722.386,-0.0078125,11722.386,38.9765625
1.154762732E+02,38.98855255815829,11722.436,-0.0078125,11722.443,38.90788269042969,11722.443,38.96875,11722.444,38.953125,11722.451,38.89715576171875,11722.451,-0.0078125,11722.451,38.9765625
1.166584959E+02,41.98958933697094,12494.366,-0.0078125,12494.373,41.91090774536133,12494.373,41.96875,12494.374,41.9765625,12494.381,41.921634674072266,12494.381,-0.0078125,12494.381,41.9609375
1.166587192E+02,41.9901564381957,12494.431,-0.0078125,12494.438,41.91090774536133,12494.438,41.96875,12494.439,41.9765625,12494.446,41.91090774536133,12494.446,-0.0078125,12494.446,41.9609375
1.166586707E+02,41.99003326573137,12494.496,-0.0078125,12494.503,41.921634674072266,12494.503,41.96875,12494.504,41.9140625,12494.511,41.900184631347656,12494.511,-0.0078125,12494.511,41.9609375
1.166590069E+02,41.990887092269986,12494.561,-0.0078125,12494.568,41.88945770263672,12494.568,41.96875,12494.569,41.9140625,12494.576,41.91090774536133,12494.576,-0.0078125,12494.576,41.9609375
1.166586397E+02,41.989954536942264,12494.626,-0.0078125,12494.633,41.921634674072266,12494.633,41.9921875,12494.634,41.9140625,12494.641,41.900184631347656,12494.641,-0.0078125,12494.641,41.96875
1.166584723E+02,41.98952940151361,12494.691,-0.0078125,12494.698,41.921634674072266,12494.698,41.9921875,12494.699,41.9140625,12494.706,41.91090774536133,12494.706,-0.0078125,12494.706,41.96875
1.166585815E+02,41.989806729994825,12494.756,-0.0078125,12494.763,41.91090774536133,12494.763,41.96875,12494.764,41.9140625,12494.771,41.921634674072266,12494.771,-0.0078125,12494.771,41.96875
1.166585832E+02,41.98981104737982,12494.821,-0.0078125,12494.828,41.88945770263672,12494.828,41.96875,12494.829,41.9140625,12494.836,41.943084716796875,12494.836,-0.0078125,12494.836,41.9765625
1.166577172E+02,41.987611721425196,12494.886,-0.0078125,12494.893,41.91090774536133,12494.893,41.96875,12494.894,41.9140625,12494.901,41.900184631347656,12494.901,-0.0078125,12494.901,41.9765625
1.166584299E+02,41.9894217208643,12494.951,-0.0078125,12494.958,41.900184631347656,12494.958,41.9765625,12494.959,41.9375,12494.966,41.921634674072266,12494.966,-0.0078125,12494.966,41.9765625
1.166584677E+02,41.989517719178934,12495.016,-0.0078125,12495.023,41.91090774536133,12495.023,41.9765625,12495.024,41.9375,12495.031,41.93235778808594,12495.031,-0.0078125,12495.031,41.9765625
1.166585401E+02,41.98970158897447,12495.081,-0.0078125,12495.088,41.91090774536133,12495.088,41.9765625,12495.089,41.9375,12495.096,41.91090774536133,12495.096,-0.0078125,12495.096,42.0
1.166585328E+02,41.98968304961619,12495.146,-0.0078125,12495.153,41.91090774536133,12495.153,41.9765625,12495.154,41.9375,12495.161,41.91090774536133,12495.161,-0.0078125,12495.161,42.0
1.166585049E+02,41.98961219371347,12495.211,-0.0078125,12495.218,41.91090774536133,12495.218,41.9765625,12495.219,41.953125,12495.226,41.93235778808594,12495.226,-0.0078125,12495.226,42.0
1.166583259E+02,41.98915759853196,12495.276,-0.0078125,12495.283,41.900184631347656,12495.283,41.9765625,12495.284,41.953125,12495.291,41.921634674072266,12495.291,-0.0078125,12495.291,42.0
1.166584770E+02,41.98954133781234,12495.341,-0.0078125,12495.348,41.93235778808594,12495.348,41.9765625,12495.349,41.953125,12495.356,41.921634674072266,12495.356,-0.0078125,12495.356,41.9609375
1.166586113E+02,41.98988241121447,12495.406,-0.0078125,12495.413,41.900184631347656,12495.413,41.96875,12495.414,41.953125,12495.421,41.921634674072266,12495.421,-0.0078125,12495.421,41.9609375
1.166582063E+02,41.988853857876165,12495.471,-0.0078125,12495.478,41.91090774536133,12495.478,41.96875,12495.479,41.9375,12495.486,41.91090774536133,12495.486,-0.0078125,12495.486,41.9609375
1.166583305E+02,41.98916928086555,12495.536,-0.0078125,12495.543,41.91090774536133,12495.543,41.9765625,12495.544,41.9375,12495.551,41.921634674072266,12495.551,-0.0078125,12495.551,41.984375
1.178318478E+02,44.970840693235345,13496.316,-0.0078125,13496.323,44.892486572265625,13496.323,44.96875,13496.324,44.921875,13496.331,44.892486572265625,13496.331,-0.0078125,13496.332,44.9609375
1.178318857E+02,44.97093703355148,13496.382,-0.0078125,13496.389,44.892486572265625,13496.389,44.96875,13496.39,44.921875,13496.397,44.9032096862793,13496.397,-0.0078125,13496.397,44.9609375
1.178316967E+02,44.97045660297971,13496.447,-0.0078125,13496.454,44.913936614990234,13496.454,44.96875,13496.455,44.921875,13496.462,44.913936614990234,13496.462,-0.0078125,13496.462,44.9765625
1.178317181E+02,44.97051100093506,13496.512,-0.0078125,13496.519,44.892486572265625,13496.519,44.96875,13496.52,44.921875,13496.527,44.9032096862793,13496.527,-0.0078125,13496.527,44.9765625
1.178318024E+02,44.97072528821667,13496.577,-0.0078125,13496.584,44.88175964355469,13496.584,44.96875,13496.585,44.921875,13496.592,44.892486572265625,13496.592,-0.0078125,13496.592,44.9765625
1.178315650E+02,44.97012182679782,13496.642,-0.0078125,13496.649,44.88175964355469,13496.649,44.9609375,13496.65,44.921875,13496.657,44.88175964355469,13496.657,-0.0078125,13496.657,44.9609375
1.178317121E+02,44.97049574917179,13496.707,-0.0078125,13496.714,44.9032096862793,13496.714,44.9609375,13496.715,44.921875,13496.722,44.913936614990234,13496.722,-0.0078125,13496.722,44.9609375
1.178315521E+02,44.97008903551074,13496.772,-0.0078125,13496.779,44.892486572265625,13496.779,44.96875,13496.78,44.9609375,13496.787,44.913936614990234,13496.787,-0.0078125,13496.787,44.9609375
1.178318639E+02,44.97088161880458,13496.837,-0.0078125,13496.844,44.892486572265625,13496.844,44.96875,13496.845,44.9609375,13496.852,44.9032096862793,13496.852,-0.0078125,13496.852,44.9609375
1.178321026E+02,44.9714883849137,13496.902,-0.0078125,13496.909,44.892486572265625,13496.909,44.96875,13496.91,44.9609375,13496.917,44.9032096862793,13496.917,-0.0078125,13496.917,44.984375
1.178315824E+02,44.970166056906464,13496.967,-0.0078125,13496.974,44.9032096862793,13496.974,44.96875,13496.975,44.9609375,13496.982,44.892486572265625,13496.982,-0.0078125,13496.982,44.984375
1.178319743E+02,44.97116225129349,13497.032,-0.0078125,13497.039,44.892486572265625,13497.039,44.96875,13497.04,44.9609375,13497.047,44.892486572265625,13497.047,-0.0078125,13497.047,44.984375
1.178321324E+02,44.9715641353618,13497.097,-0.0078125,13497.104,44.892486572265625,13497.104,44.984375,13497.105,44.9609375,13497.112,44.9032096862793,13497.112,-0.0078125,13497.112,44.984375
1.178321403E+02,44.97158421685674,13497.162,-0.0078125,13497.169,44.871036529541016,13497.169,44.984375,13497.17,44.9609375,13497.177,44.913936614990234,13497.177,-0.0078125,13497.177,44.9296875
1.178318087E+02,44.97074130256914,13497.227,-0.0078125,13497.234,44.88175964355469,13497.234,44.9453125,13497.235,44.9609375,13497.242,44.9032096862793,13497.242,-0.0078125,13497.242,44.9296875
1.178319730E+02,44.97115894674408,13497.292,-0.0078125,13497.299,44.9032096862793,13497.299,44.9453125,13497.3,44.921875,13497.307,44.88175964355469,13497.307,-0.0078125,13497.307,44.9296875
1.178316752E+02,44.97040195082923,13497.357,-0.0078125,13497.364,44.88175964355469,13497.364,44.9453125,13497.365,44.921875,13497.372,44.913936614990234,13497.372,-0.0078125,13497.372,44.9609375
1.178317645E+02,44.97062894790679,13497.422,-0.0078125,13497.429,44.9032096862793,13497.429,44.96875,13497.43,44.921875,13497.437,44.913936614990234,13497.437,-0.0078125,13497.437,44.9609375
1.178318558E+02,44.97086102892189,13497.487,-0.0078125,13497.494,44.913936614990234,13497.494,44.96875,13497.495,44.921875,13497.502,44.9032096862793,13497.502,-0.0078125,13497.502,44.9609375
1.190200888E+02,47.9927027386247,14533.967,-0.0078125,14533.974,47.92768859863281,14533.974,48.0078125,14533.975,47.9453125,14533.982,47.9062385559082,14533.982,-0.0078125,14533.983,47.9921875
1.190203818E+02,47.99344822390327,14534.033,-0.0078125,14534.04,47.916961669921875,14534.04,47.984375,14534.041,47.9453125,14534.048,47.92768859863281,14534.048,-0.0078125,14534.049,47.9765625
1.190201728E+02,47.99291646134924,14534.099,-0.0078125,14534.106,47.916961669921875,14534.106,47.984375,14534.107,47.9453125,14534.114,47.916961669921875,14534.114,-0.0078125,14534.115,47.9765625
1.190203219E+02,47.99329581921978,14534.165,-0.0078125,14534.172,47.895511627197266,14534.172,47.9921875,14534.173,47.9453125,14534.18,47.92768859863281,14534.18,-0.0078125,14534.181,47.9765625
1.190204461E+02,47.99361182359638,14534.231,-0.0078125,14534.238,47.895511627197266,14534.238,47.9921875,14534.239,47.9453125,14534.246,47.92768859863281,14534.246,-0.0078125,14534.247,48.0
1.190204646E+02,47.993658893494114,14534.297,-0.0078125,14534.304,47.9062385559082,14534.304,48.0,14534.305,47.984375,14534.312,47.916961669921875,14534.312,-0.0078125,14534.313,48.0
1.190201280E+02,47.99280247589434,14534.363,-0.0078125,14534.37,47.92768859863281,14534.37,48.0,14534.371,47.984375,14534.378,47.94913864135742,14534.378,-0.0078125,14534.379,48.0
1.190199219E+02,47.99227809196708,14534.429,-0.0078125,14534.436,47.92768859863281,14534.436,48.0,14534.437,47.984375,14534.444,47.92768859863281,14534.444,-0.0078125,14534.445,48.0
1.190201786E+02,47.99293121839497,14534.495,-0.0078125,14534.502,47.916961669921875,14534.502,47.984375,14534.503,47.984375,14534.51,47.9062385559082,14534.51,-0.0078125,14534.511,48.0078125
1.190200522E+02,47.99260961658479,14534.561,-0.0078125,14534.568,47.916961669921875,14534.568,47.984375,14534.569,47.9375,14534.576,47.916961669921875,14534.576,-0.0078125,14534.577,48.0078125
1.190201891E+02,47.992957933736704,14534.627,-0.0078125,14534.634,47.916961669921875,14534.634,47.984375,14534.635,47.9375,14534.642,47.916961669921875,14534.642,-0.0078125,14534.643,48.0078125
1.190198707E+02,47.9921478229017,14534.693,-0.0078125,14534.7,47.916961669921875,14534.7,47.984375,14534.701,47.9375,14534.708,47.916961669921875,14534.708,-0.0078125,14534.709,48.0078125
1.190200674E+02,47.99264829021848,14534.759,-0.0078125,14534.766,47.916961669921875,14534.766,47.9609375,14534.767,47.953125,14534.774,47.92768859863281,14534.774,-0.0078125,14534.775,48.0
1.190202928E+02,47.993221779551504,14534.825,-0.0078125,14534.832,47.9062385559082,14534.832,47.9609375,14534.833,47.953125,14534.84,47.92768859863281,14534.84,-0.0078125,14534.841,48.0
1.190201694E+02,47.99290781066725,14534.891,-0.0078125,14534.898,47.9062385559082,14534.898,47.9609375,14534.899,47.953125,14534.906,47.92768859863281,14534.906,-0.0078125,14534.907,48.0
1.190203543E+02,47.99337825514118,14534.957,-0.0078125,14534.964,47.92768859863281,14534.964,47.9609375,14534.965,47.953125,14534.972,47.916961669921875,14534.972,-0.0078125,14534.973,48.0078125
1.190199173E+02,47.99226638810552,14535.023,-0.0078125,14535.03,47.916961669921875,14535.03,47.9609375,14535.031,47.96875,14535.038,47.92768859863281,14535.038,-0.0078125,14535.039,48.0078125
1.190201240E+02,47.992792298621794,14535.089,-0.0078125,14535.096,47.916961669921875,14535.096,48.0,14535.097,47.96875,14535.104,47.916961669921875,14535.104,-0.0078125,14535.105,48.0078125
1.190199912E+02,47.992454413190956,14535.155,-0.0078125,14535.162,47.92768859863281,14535.162,48.0,14535.163,47.96875,14535.17,47.916961669921875,14535.17,-0.0078125,14535.171,48.0078125
1.201985821E+02,50.99254462035037,15307.687,-0.0078125,15307.694,50.887813568115234,15307.694,50.9453125,15307.695,50.953125,15307.702,50.89854049682617,15307.702,-0.0078125,15307.703,50.9921875
1.201981101E+02,50.991342596565744,15307.753,-0.0078125,15307.76,50.89854049682617,15307.76,50.9609375,15307.761,50.953125,15307.768,50.909263610839844,15307.768,-0.0078125,15307.769,50.9921875
1.201981638E+02,50.99147935221549,15307.819,-0.0078125,15307.826,50.89854049682617,15307.826,50.9609375,15307.827,50.9453125,15307.834,50.909263610839844,15307.834,-0.0078125,15307.835,50.9921875
1.201979532E+02,50.99094302562196,15307.885,-0.0078125,15307.892,50.91999053955078,15307.892,50.9609375,15307.893,50.9453125,15307.9,50.89854049682617,15307.9,-0.0078125,15307.901,50.953125
1.201977157E+02,50.990338193980676,15307.951,-0.0078125,15307.958,50.89854049682617,15307.958,50.9609375,15307.959,50.9453125,15307.966,50.909263610839844,15307.966,-0.0078125,15307.967,50.953125
1.201975394E+02,50.989889217975986,15308.017,-0.0078125,15308.024,50.89854049682617,15308.024,50.9609375,15308.025,50.9453125,15308.032,50.887813568115234,15308.032,-0.0078125,15308.033,50.953125
1.201974991E+02,50.98978658762178,15308.083,-0.0078125,15308.09,50.91999053955078,15308.09,50.9609375,15308.091,50.96875,15308.098,50.887813568115234,15308.098,-0.0078125,15308.099,50.9765625
1.201974244E+02,50.98959635220933,15308.149,-0.0078125,15308.156,50.909263610839844,15308.156,50.984375,15308.157,50.96875,15308.164,50.887813568115234,15308.164,-0.0078125,15308.165,50.9765625
1.201968492E+02,50.98813151443926,15308.215,-0.0078125,15308.222,50.909263610839844,15308.222,50.984375,15308.223,50.96875,15308.23,50.887813568115234,15308.23,-0.0078125,15308.231,50.9765625
1.201967805E+02,50.987956559068095,15308.281,-0.0078125,15308.288,50.909263610839844,15308.288,50.984375,15308.289,50.96875,15308.296,50.909263610839844,15308.296,-0.0078125,15308.297,50.9765625
1.201965415E+02,50.98734790799563,15308.347,-0.0078125,15308.354,50.909263610839844,15308.354,50.9765625,15308.355,50.9296875,15308.362,50.89854049682617,15308.362,-0.0078125,15308.363,51.0078125
1.201962322E+02,50.98656022709031,15308.413,-0.0078125,15308.42,50.887813568115234,15308.42,50.9765625,15308.421,50.9296875,15308.428,50.91999053955078,15308.428,-0.0078125,15308.429,51.0078125
1.201962890E+02,50.98670487717436,15308.479,-0.0078125,15308.486,50.909263610839844,15308.486,50.9609375,15308.487,50.9296875,15308.494,50.909263610839844,15308.494,-0.0078125,15308.495,51.0078125
1.201963488E+02,50.986857167234575,15308.545,-0.0078125,15308.552,50.887813568115234,15308.552,50.9609375,15308.553,50.9140625,15308.56,50.89854049682617,15308.56,-0.0078125,15308.561,50.96875
1.201961366E+02,50.986316766752054,15308.611,-0.0078125,15308.618,50.909263610839844,15308.618,50.9609375,15308.619,50.9140625,15308.626,50.909263610839844,15308.626,-0.0078125,15308.627,50.96875
1.201957826E+02,50.98541525059494,15308.677,-0.0078125,15308.684,50.91999053955078,15308.684,50.9609375,15308.685,50.9140625,15308.692,50.887813568115234,15308.692,-0.0078125,15308.693,50.96875
1.201956198E+02,50.985000655112685,15308.743,-0.0078125,15308.75,50.89854049682617,15308.75,50.9609375,15308.751,50.9140625,15308.758,50.89854049682617,15308.758,-0.0078125,15308.759,50.96875
1.201952239E+02,50.98399243450086,15308.809,-0.0078125,15308.816,50.909263610839844,15308.816,50.9765625,15308.817,50.9453125,15308.824,50.89854049682617,15308.824,-0.0078125,15308.825,50.9921875
1.201950536E+02,50.983558739294494,15308.875,-0.0078125,15308.882,50.909263610839844,15308.882,50.9765625,15308.883,50.9453125,15308.89,50.89854049682617,15308.89,-0.0078125,15308.891,50.9921875
1.213713148E+02,53.980466867737164,15821.407,-0.0078125,15821.414,53.91229248046875,15821.414,53.953125,15821.415,53.921875,15821.422,53.92301940917969,15821.422,-0.0078125,15821.423,53.9453125
1.213713088E+02,53.980451573751736,15821.473,-0.0078125,15821.48,53.91229248046875,15821.48,53.9765625,15821.481,53.921875,15821.488,53.90156555175781,15821.488,-0.0078125,15821.489,53.96875
1.213713611E+02,53.980584886327335,15821.539,-0.0078125,15821.546,53.90156555175781,15821.546,53.9765625,15821.547,53.921875,15821.554,53.92301940917969,15821.554,-0.0078125,15821.555,53.96875
1.213712879E+02,53.98039829970298,15821.605,-0.0078125,15821.612,53.90156555175781,15821.612,53.9609375,15821.613,53.9296875,15821.62,53.92301940917969,15821.62,-0.0078125,15821.621,53.96875
1.213710743E+02,53.97985383387646,15821.671,-0.0078125,15821.678,53.91229248046875,15821.678,53.9609375,15821.679,53.9296875,15821.686,53.92301940917969,15821.686,-0.0078125,15821.687,53.96875
1.213712775E+02,53.980371790128856,15821.737,-0.0078125,15821.744,53.91229248046875,15821.744,53.9765625,15821.745,53.9296875,15821.752,53.91229248046875,15821.752,-0.0078125,15821.753,53.9765625
1.213714672E+02,53.980855334991816,15821.803,-0.0078125,15821.81,53.90156555175781,15821.81,53.9765625,15821.811,53.9296875,15821.818,53.91229248046875,15821.818,-0.0078125,15821.819,53.9765625
1.213711804E+02,53.98012428248023,15821.869,-0.0078125,15821.876,53.91229248046875,15821.876,53.9765625,15821.877,53.9609375,15821.884,53.90156555175781,15821.884,-0.0078125,15821.885,53.9765625
1.213713163E+02,53.98047069123362,15821.935,-0.0078125,15821.942,53.90156555175781,15821.942,53.9765625,15821.943,53.9609375,15821.95,53.91229248046875,15821.95,-0.0078125,15821.951,53.953125
1.213714328E+02,53.98076764946575,15822.001,-0.0078125,15822.008,53.92301940917969,15822.008,53.9765625,15822.009,53.9609375,15822.016,53.91229248046875,15822.016,-0.0078125,15822.017,53.953125
1.213716270E+02,53.98126266487941,15822.067,-0.0078125,15822.074,53.92301940917969,15822.074,53.9765625,15822.075,53.9453125,15822.082,53.93374252319336,15822.082,-0.0078125,15822.083,53.953125
1.213714463E+02,53.98080206093647,15822.133,-0.0078125,15822.14,53.90156555175781,15822.14,53.9765625,15822.141,53.9453125,15822.148,53.90156555175781,15822.148,-0.0078125,15822.149,53.953125
1.213714866E+02,53.98090478555122,15822.199,-0.0078125,15822.206,53.92301940917969,15822.206,53.984375,15822.207,53.9453125,15822.214,53.92301940917969,15822.214,-0.0078125,15822.215,53.984375
1.213715464E+02,53.981057215630585,15822.265,-0.0078125,15822.272,53.93374252319336,15822.272,53.984375,15822.273,53.9453125,15822.28,53.8801155090332,15822.28,-0.0078125,15822.281,53.984375
1.213712879E+02,53.98039829970298,15822.331,-0.0078125,15822.338,53.92301940917969,15822.338,53.9765625,15822.339,53.9453125,15822.346,53.91229248046875,15822.346,-0.0078125,15822.347,53.984375
1.213715225E+02,53.980996294578006,15822.397,-0.0078125,15822.404,53.90156555175781,15822.404,53.9765625,15822.405,53.9453125,15822.412,53.91229248046875,15822.412,-0.0078125,15822.413,53.9453125
1.213713417E+02,53.98053543577288,15822.463,-0.0078125,15822.47,53.93374252319336,15822.47,53.9765625,15822.471,53.9453125,15822.478,53.93374252319336,15822.478,-0.0078125,15822.479,53.9453125
1.213717122E+02,53.98147983953368,15822.529,-0.0078125,15822.536,53.90156555175781,15822.536,53.9609375,15822.537,53.9453125,15822.544,53.90156555175781,15822.544,-0.0078125,15822.545,53.9453125
1.213716778E+02,53.981392153990726,15822.595,-0.0078125,15822.602,53.91229248046875,15822.602,53.9609375,15822.603,53.9453125,15822.61,53.93374252319336,15822.61,-0.0078125,15822.611,53.9453125
1.225495166E+02,56.985085796701696,16530.577,-0.0078125,16530.584,56.915321350097656,16530.584,56.9921875,16530.585,56.953125,16530.592,56.92604446411133,16530.592,-0.0078125,16530.593,57.0
1.225498722E+02,56.98599305693858,16530.643,-0.0078125,16530.65,56.915321350097656,16530.65,56.9921875,16530.651,56.953125,16530.658,56.92604446411133,16530.658,-0.0078125,16530.659,56.984375
1.225496257E+02,56.98536414901412,16530.709,-0.0078125,16530.716,56.936771392822266,16530.716,56.984375,16530.717,56.9765625,16530.724,56.915321350097656,16530.724,-0.0078125,16530.725,56.984375
1.225493702E+02,56.98471227906231,16530.775,-0.0078125,16530.782,56.92604446411133,16530.782,56.984375,16530.783,56.9765625,16530.79,56.936771392822266,16530.79,-0.0078125,16530.791,56.984375
1.225495136E+02,56.985078142651275,16530.841,-0.0078125,16530.848,56.92604446411133,16530.848,56.9765625,16530.849,56.9765625,16530.856,56.90459442138672,16530.856,-0.0078125,16530.857,57.015625
1.225494046E+02,56.98480004549822,16530.907,-0.0078125,16530.914,56.92604446411133,16530.914,56.9765625,16530.915,56.9765625,16530.922,56.915321350097656,16530.922,-0.0078125,16530.923,57.015625
1.225496436E+02,56.985409818185815,16530.973,-0.0078125,16530.98,56.92604446411133,16530.98,56.984375,16530.981,56.9609375,16530.988,56.92604446411133,16530.988,-0.0078125,16530.989,57.015625
1.225500544E+02,56.98645791309718,16531.039,-0.0078125,16531.046,56.92604446411133,16531.046,56.984375,16531.047,56.9609375,16531.054,56.915321350097656,16531.054,-0.0078125,16531.055,57.015625
1.225498856E+02,56.98602724504019,16531.105,-0.0078125,16531.112,56.92604446411133,16531.112,57.0,16531.113,56.9609375,16531.12,56.89387130737305,16531.12,-0.0078125,16531.121,56.984375
1.225499887E+02,56.98629028932652,16531.171,-0.0078125,16531.178,56.92604446411133,16531.178,57.0,16531.179,56.9609375,16531.186,56.915321350097656,16531.186,-0.0078125,16531.187,56.984375
1.225499827E+02,56.98627498122005,16531.237,-0.0078125,16531.244,56.936771392822266,16531.244,57.0,16531.245,56.9609375,16531.252,56.915321350097656,16531.252,-0.0078125,16531.253,56.984375
1.225497303E+02,56.985631020272706,16531.303,-0.0078125,16531.31,56.936771392822266,16531.31,56.9765625,16531.311,56.9609375,16531.318,56.915321350097656,16531.318,-0.0078125,16531.319,56.96875
1.225498632E+02,56.98597009478101,16531.369,-0.0078125,16531.376,56.92604446411133,16531.376,56.9765625,16531.377,56.9609375,16531.384,56.936771392822266,16531.384,-0.0078125,16531.385,56.96875
1.225498274E+02,56.98587875642244,16531.435,-0.0078125,16531.442,56.936771392822266,16531.442,56.984375,16531.443,56.9609375,16531.45,56.90459442138672,16531.45,-0.0078125,16531.451,56.96875
1.225499185E+02,56.98611118448531,16531.501,-0.0078125,16531.508,56.936771392822266,16531.508,56.984375,16531.509,56.9609375,16531.516,56.915321350097656,16531.516,-0.0078125,16531.517,56.96875
1.225500858E+02,56.986538025526386,16531.567,-0.0078125,16531.574,56.92604446411133,16531.574,56.984375,16531.575,56.9609375,16531.582,56.915321350097656,16531.582,-0.0078125,16531.583,56.9921875
1.225497452E+02,56.98566903539643,16531.633,-0.0078125,16531.64,56.92604446411133,16531.64,56.984375,16531.641,56.9609375,16531.648,56.92604446411133,16531.648,-0.0078125,16531.649,56.9921875
1.225497497E+02,56.985680516474076,16531.699,-0.0078125,16531.706,56.92604446411133,16531.706,56.984375,16531.707,56.96875,16531.714,56.915321350097656,16531.714,-0.0078125,16531.715,56.9921875
1.225496780E+02,56.9854975846406,16531.765,-0.0078125,16531.772,56.915321350097656,16531.772,56.984375,16531.773,56.96875,16531.78,56.936771392822266,16531.78,-0.0078125,16531.781,56.9921875
1.237365204E+02,60.01495737293237,17338.997,-0.0078125,17339.004,59.97197341918945,17339.004,60.0078125,17339.005,60.0078125,17339.012,59.950523376464844,17339.012,-0.0078125,17339.013,60.03125
1.237363621E+02,60.01455311820962,17339.063,-0.0078125,17339.07,59.97197341918945,17339.07,60.0078125,17339.071,59.9609375,17339.078,59.961246490478516,17339.078,-0.0078125,17339.079,60.03125
1.237362276E+02,60.0142096421896,17339.129,-0.0078125,17339.136,59.961246490478516,17339.136,60.0,17339.137,59.9609375,17339.144,59.950523376464844,17339.144,-0.0078125,17339.145,60.03125
1.237365309E+02,60.01498418705029,17339.195,-0.0078125,17339.202,59.961246490478516,17339.202,60.0,17339.203,59.9609375,17339.21,59.950523376464844,17339.21,-0.0078125,17339.211,60.03125
1.237364681E+02,60.014823813091084,17339.261,-0.0078125,17339.268,59.961246490478516,17339.268,60.015625,17339.269,59.9609375,17339.276,59.961246490478516,17339.276,-0.0078125,17339.277,60.0390625
1.237363397E+02,60.01449591476586,17339.327,-0.0078125,17339.334,59.961246490478516,17339.334,60.015625,17339.335,59.9921875,17339.342,59.950523376464844,17339.342,-0.0078125,17339.343,60.0390625
1.237361156E+02,60.0139236250111,17339.393,-0.0078125,17339.4,59.961246490478516,17339.4,60.015625,17339.401,59.9921875,17339.408,59.950523376464844,17339.408,-0.0078125,17339.409,60.0390625
1.237360663E+02,60.013797726385974,17339.459,-0.0078125,17339.466,59.982696533203125,17339.466,60.015625,17339.467,59.9921875,17339.474,59.97197341918945,17339.474,-0.0078125,17339.475,60.0078125
1.237362545E+02,60.01427833739075,17339.525,-0.0078125,17339.532,59.97197341918945,17339.532,60.015625,17339.533,59.9921875,17339.54,59.97197341918945,17339.54,-0.0078125,17339.541,60.0078125
1.237362575E+02,60.01428599856564,17339.591,-0.0078125,17339.598,59.961246490478516,17339.598,60.0078125,17339.599,59.9921875,17339.606,59.950523376464844,17339.606,-0.0078125,17339.607,60.0078125
1.237365563E+02,60.01504905167934,17339.657,-0.0078125,17339.664,59.961246490478516,17339.664,60.0078125,17339.665,59.9921875,17339.672,59.961246490478516,17339.672,-0.0078125,17339.673,60.0078125
1.237365159E+02,60.01494588116759,17339.723,-0.0078125,17339.73,59.950523376464844,17339.73,60.0,17339.731,59.9921875,17339.738,59.950523376464844,17339.738,-0.0078125,17339.739,60.03125
1.237366922E+02,60.01539610300415,17339.789,-0.0078125,17339.796,59.961246490478516,17339.796,60.0,17339.797,60.0078125,17339.804,59.950523376464844,17339.804,-0.0078125,17339.805,60.03125
1.237363561E+02,60.01453779585847,17339.855,-0.0078125,17339.862,59.961246490478516,17339.862,60.0,17339.863,60.0078125,17339.87,59.97197341918945,17339.87,-0.0078125,17339.871,60.03125
1.237363561E+02,60.01453779585847,17339.921,-0.0078125,17339.928,59.982696533203125,17339.928,60.0,17339.929,60.0078125,17339.936,59.961246490478516,17339.936,-0.0078125,17339.937,60.03125
1.237365682E+02,60.01507944101388,17339.987,-0.0078125,17339.994,59.97197341918945,17339.994,60.0,17339.995,60.0,17340.002,59.961246490478516,17340.002,-0.0078125,17340.003,59.9921875
1.237363636E+02,60.01455694879746,17340.053,-0.0078125,17340.06,59.982696533203125,17340.06,60.0078125,17340.061,60.0,17340.068,59.950523376464844,17340.068,-0.0078125,17340.069,59.9921875
1.237361559E+02,60.014026540117925,17340.119,-0.0078125,17340.126,59.97197341918945,17340.126,60.0078125,17340.127,60.0,17340.134,59.961246490478516,17340.134,-0.0078125,17340.135,59.9921875
1.237359692E+02,60.013549759736975,17340.185,-0.0078125,17340.192,59.961246490478516,17340.192,60.0078125,17340.193,60.0,17340.2,59.961246490478516,17340.2,-0.0078125,17340.201,60.03125
